solver,instance,path,status,runtime_sec,returncode,timeout,conflicts,decisions,propagations,restarts,variables,clauses,cpu_time_reported,learned_clauses,reduced,subsumed,strengthened,vivified,process_time_reported,real_time_reported,memory_reported_mb,exit_code_reported,blocked_restarts,reduce_db_calls,removed_clauses,avg_learnt_size,learnts_dl2,learnts_size2,learnts_size1,reduced_clauses,conflict_literals,actual_reward
cadical,asconhashv12_opt64_H7_M2-OrF8zEw_m2_4.c.cnf,benchmarks/asconhashv12_opt64_H7_M2-OrF8zEw_m2_4.c.cnf,SAT,124.06310677528381,10.0,False,1433390.0,49876346.0,864871414.0,196612.0,,,,1260375.0,1009270.0,108051.0,155176.0,4914.0,123.3,124.05,531008.0,10.0,,,,,,,,,,
glucose,asconhashv12_opt64_H7_M2-OrF8zEw_m2_4.c.cnf,benchmarks/asconhashv12_opt64_H7_M2-OrF8zEw_m2_4.c.cnf,SAT,146.66066789627075,10.0,False,840506.0,2341076.0,1430131308.0,2312.0,127096.0,296703.0,145.447,,,,,,,,,,9450.0,25.0,767966.0,34.0,920.0,96.0,7.0,354.0,,
maplesat,asconhashv12_opt64_H7_M2-OrF8zEw_m2_4.c.cnf,benchmarks/asconhashv12_opt64_H7_M2-OrF8zEw_m2_4.c.cnf,TIMEOUT,150.0,,True,,,,,,,,,,,,,,,,,,,,,,,,,,
cadical,WCNF_to_alien_14.cnf,benchmarks/WCNF_to_alien_14.cnf,TIMEOUT,150.0,,True,,,,,,,,,,,,,,,,,,,,,,,,,,
glucose,WCNF_to_alien_14.cnf,benchmarks/WCNF_to_alien_14.cnf,TIMEOUT,150.0,,True,,,,,448.0,5562.0,,,,,,,,,,,,,,,,,,,,
maplesat,WCNF_to_alien_14.cnf,benchmarks/WCNF_to_alien_14.cnf,TIMEOUT,150.0,,True,,,,,,,,,,,,,,,,,,,,,,,,,,
cadical,ER_500_10_1.apx_1_DC-AD.cnf,benchmarks/ER_500_10_1.apx_1_DC-AD.cnf,TIMEOUT,150.0,,True,,,,,,,,,,,,,,,,,,,,,,,,,,
glucose,ER_500_10_1.apx_1_DC-AD.cnf,benchmarks/ER_500_10_1.apx_1_DC-AD.cnf,TIMEOUT,150.0,,True,,,,,1002.0,38763.0,,,,,,,,,,,,,,,,,,,,
maplesat,ER_500_10_1.apx_1_DC-AD.cnf,benchmarks/ER_500_10_1.apx_1_DC-AD.cnf,TIMEOUT,150.0,,True,,,,,,,,,,,,,,,,,,,,,,,,,,
maplesat,stb_588_138.apx_2_DC-ST.cnf,benchmarks/stb_588_138.apx_2_DC-ST.cnf,UNSAT,44.3307580947876,20.0,False,1348682.0,1609001.0,219971922.0,2558.0,1176.0,13472.0,44.2408,,,,,,,,,,,,,,,,,,42887700.0,0.09998
cadical,stb_588_138.apx_2_DC-ST.cnf,benchmarks/stb_588_138.apx_2_DC-ST.cnf,UNSAT,74.96244025230408,20.0,False,3115179.0,4206481.0,266398787.0,97636.0,,,,3053005.0,2060689.0,823433.0,45891.0,13121.0,74.92,74.95,36896.0,20.0,,,,,,,,,,
glucose,stb_588_138.apx_2_DC-ST.cnf,benchmarks/stb_588_138.apx_2_DC-ST.cnf,TIMEOUT,150.0,,True,,,,,1176.0,13472.0,,,,,,,,,,,,,,,,,,,,
cadical,oisc-subrv-sll-nested-15.cnf,benchmarks/oisc-subrv-sll-nested-15.cnf,TIMEOUT,150.0,,True,,,,,,,,,,,,,,,,,,,,,,,,,,
glucose,oisc-subrv-sll-nested-15.cnf,benchmarks/oisc-subrv-sll-nested-15.cnf,TIMEOUT,150.0,,True,,,,,,,,,,,,,,,,,,,,,,,,,,
maplesat,oisc-subrv-sll-nested-15.cnf,benchmarks/oisc-subrv-sll-nested-15.cnf,TIMEOUT,150.0,,True,,,,,,,,,,,,,,,,,,,,,,,,,,
cadical,ContextModel_output_8_4_10.bul.dimacs.cnf,benchmarks/ContextModel_output_8_4_10.bul.dimacs.cnf,TIMEOUT,150.0,,True,,,,,,,,,,,,,,,,,,,,,,,,,,
cadical,CNFPlus_from_fp_12.cnf,benchmarks/CNFPlus_from_fp_12.cnf,UNSAT,0.4387068748474121,20.0,False,45617.0,50160.0,2350638.0,611.0,,,,44874.0,9845.0,24739.0,1500.0,297.0,0.43,0.43,11152.0,20.0,,,,,,,,,,
glucose,ContextModel_output_8_4_10.bul.dimacs.cnf,benchmarks/ContextModel_output_8_4_10.bul.dimacs.cnf,TIMEOUT,150.0,,True,,,,,45920.0,308483.0,,,,,,,,,,,,,,,,,,,,
maplesat,ContextModel_output_8_4_10.bul.dimacs.cnf,benchmarks/ContextModel_output_8_4_10.bul.dimacs.cnf,TIMEOUT,150.0,,True,,,,,,,,,,,,,,,,,,,,,,,,,,
glucose,CNFPlus_from_fp_12.cnf,benchmarks/CNFPlus_from_fp_12.cnf,TIMEOUT,150.0,,True,,,,,348.0,4817.0,,,,,,,,,,,,,,,,,,,,
maplesat,CNFPlus_from_fp_12.cnf,benchmarks/CNFPlus_from_fp_12.cnf,TIMEOUT,150.0,,True,,,,,,,,,,,,,,,,,,,,,,,,,,
cadical,eqspctbk14spwtcl14.cnf,benchmarks/eqspctbk14spwtcl14.cnf,TIMEOUT,150.0,,True,,,,,,,,,,,,,,,,,,,,,,,,,,
glucose,eqspctbk14spwtcl14.cnf,benchmarks/eqspctbk14spwtcl14.cnf,TIMEOUT,150.0,,True,,,,,4699.0,14013.0,,,,,,,,,,,,,,,,,,,,
maplesat,eqspctbk14spwtcl14.cnf,benchmarks/eqspctbk14spwtcl14.cnf,TIMEOUT,150.0,,True,,,,,,,,,,,,,,,,,,,,,,,,,,
cadical,PRP_200_100.cnf,benchmarks/PRP_200_100.cnf,TIMEOUT,150.0,,True,,,,,,,,,,,,,,,,,,,,,,,,,,
glucose,PRP_200_100.cnf,benchmarks/PRP_200_100.cnf,TIMEOUT,150.0,,True,,,,,3143157.0,18802856.0,,,,,,,,,,,,,,,,,,,,
maplesat,PRP_200_100.cnf,benchmarks/PRP_200_100.cnf,TIMEOUT,150.0,,True,,,,,,,,,,,,,,,,,,,,,,,,,,
cadical,sgen3-n260-s62321009-sat.cnf,benchmarks/sgen3-n260-s62321009-sat.cnf,TIMEOUT,150.0,,True,,,,,,,,,,,,,,,,,,,,,,,,,,
glucose,sgen3-n260-s62321009-sat.cnf,benchmarks/sgen3-n260-s62321009-sat.cnf,TIMEOUT,150.0,,True,,,,,260.0,624.0,,,,,,,,,,,,,,,,,,,,
maplesat,sgen3-n260-s62321009-sat.cnf,benchmarks/sgen3-n260-s62321009-sat.cnf,TIMEOUT,150.0,,True,,,,,,,,,,,,,,,,,,,,,,,,,,
maplesat,hash_table_find_safety_size_20.cnf,benchmarks/hash_table_find_safety_size_20.cnf,UNSAT,73.35149812698364,20.0,False,15209.0,1548579.0,345516115.0,62.0,11544110.0,46323062.0,49.6517,,,,,,,,,,,,,,,,,,2129027.0,0.00362
cadical,brent_65_0.1.cnf,benchmarks/brent_65_0.1.cnf,SAT,3.1932730674743652,10.0,False,55449.0,857630.0,21728132.0,1466.0,,,,47891.0,26641.0,3154.0,10077.0,,3.17,3.17,302864.0,10.0,,,,,,,,,,
cadical,hash_table_find_safety_size_20.cnf,benchmarks/hash_table_find_safety_size_20.cnf,TIMEOUT,150.0,,True,,,,,,,,,,,,,,,,,,,,,,,,,,
glucose,hash_table_find_safety_size_20.cnf,benchmarks/hash_table_find_safety_size_20.cnf,TIMEOUT,150.0,,True,,,,,,,,,,,,,,,,,,,,,,,,,,
cadical,brent_63_0.26.cnf,benchmarks/brent_63_0.26.cnf,SAT,2.1546599864959717,10.0,False,55565.0,717029.0,16786728.0,1690.0,,,,47489.0,28932.0,3973.0,9807.0,471.0,2.14,2.14,161920.0,10.0,,,,,,,,,,
glucose,brent_65_0.1.cnf,benchmarks/brent_65_0.1.cnf,TIMEOUT,150.0,,True,,,,,77577.0,276874.0,,,,,,,,,,,,,,,,,,,,
maplesat,brent_65_0.1.cnf,benchmarks/brent_65_0.1.cnf,TIMEOUT,150.0,,True,,,,,,,,,,,,,,,,,,,,,,,,,,
cadical,iso-brn100.shuffled-as.sat05-3025.cnf,benchmarks/iso-brn100.shuffled-as.sat05-3025.cnf,SAT,0.023392915725708008,10.0,False,167.0,9197.0,19920.0,4.0,,,,158.0,,1953.0,705.0,,0.01,0.01,7280.0,10.0,,,,,,,,,,
glucose,iso-brn100.shuffled-as.sat05-3025.cnf,benchmarks/iso-brn100.shuffled-as.sat05-3025.cnf,SAT,0.017313003540039062,10.0,False,226.0,499.0,9319.0,1.0,3587.0,8859.0,0.007656,,,,,,,,,,0.0,0.0,0.0,9.0,11.0,8.0,2.0,47.0,,
maplesat,iso-brn100.shuffled-as.sat05-3025.cnf,benchmarks/iso-brn100.shuffled-as.sat05-3025.cnf,SAT,0.014624834060668945,10.0,False,145.0,335.0,7366.0,2.0,3587.0,8859.0,0.006676,,,,,,,,,,,,,,,,,,1260.0,0.269289
glucose,brent_63_0.26.cnf,benchmarks/brent_63_0.26.cnf,TIMEOUT,150.0,,True,,,,,74886.0,173314.0,,,,,,,,,,,,,,,,,,,,
maplesat,brent_63_0.26.cnf,benchmarks/brent_63_0.26.cnf,TIMEOUT,150.0,,True,,,,,,,,,,,,,,,,,,,,,,,,,,
cadical,ContextModel_output_8_4_8.bul_.dimacs.cnf,benchmarks/ContextModel_output_8_4_8.bul_.dimacs.cnf,TIMEOUT,150.0,,True,,,,,,,,,,,,,,,,,,,,,,,,,,
glucose,ContextModel_output_8_4_8.bul_.dimacs.cnf,benchmarks/ContextModel_output_8_4_8.bul_.dimacs.cnf,TIMEOUT,150.0,,True,,,,,36736.0,243458.0,,,,,,,,,,,,,,,,,,,,
maplesat,ContextModel_output_8_4_8.bul_.dimacs.cnf,benchmarks/ContextModel_output_8_4_8.bul_.dimacs.cnf,TIMEOUT,150.0,,True,,,,,,,,,,,,,,,,,,,,,,,,,,
cadical,grs-64-160.cnf,benchmarks/grs-64-160.cnf,TIMEOUT,150.0,,True,,,,,,,,,,,,,,,,,,,,,,,,,,
cadical,SC23_Timetable_C_474_E_50_Cl_32_D_6_T_50.cnf,benchmarks/SC23_Timetable_C_474_E_50_Cl_32_D_6_T_50.cnf,SAT,36.78387093544006,10.0,False,529849.0,22480596.0,273506205.0,19246.0,,,,507790.0,330600.0,185707.0,161828.0,9645.0,36.74,36.76,651920.0,10.0,,,,,,,,,,
glucose,grs-64-160.cnf,benchmarks/grs-64-160.cnf,TIMEOUT,150.0,,True,,,,,,,,,,,,,,,,,,,,,,,,,,
glucose,SC23_Timetable_C_474_E_50_Cl_32_D_6_T_50.cnf,benchmarks/SC23_Timetable_C_474_E_50_Cl_32_D_6_T_50.cnf,SAT,26.694785118103027,10.0,False,609241.0,34275198.0,331233895.0,8250.0,250016.0,810461.0,26.5128,,,,,,,,,,1144.0,21.0,536529.0,69.0,2916.0,1600.0,10.0,3697.0,,
maplesat,SC23_Timetable_C_474_E_50_Cl_32_D_6_T_50.cnf,benchmarks/SC23_Timetable_C_474_E_50_Cl_32_D_6_T_50.cnf,SAT,17.77677083015442,10.0,False,321887.0,18247836.0,183802559.0,766.0,250016.0,810461.0,17.6047,,,,,,,,,,,,,,,,,,39388133.0,0.042557
glucose,shift1add.28943.cnf,benchmarks/shift1add.28943.cnf,UNSAT,57.472009897232056,20.0,False,146335.0,533488578.0,1126311530.0,1022.0,636737.0,1128757.0,57.2735,,,,,,,,,,0.0,7.0,20631.0,4.0,44821.0,43864.0,42054.0,1722.0,,
maplesat,grs-64-160.cnf,benchmarks/grs-64-160.cnf,TIMEOUT,150.0,,True,,,,,,,,,,,,,,,,,,,,,,,,,,
maplesat,shift1add.28943.cnf,benchmarks/shift1add.28943.cnf,UNSAT,8.960200071334839,20.0,False,31410.0,19716265.0,113125219.0,116.0,636737.0,1128757.0,8.86358,,,,,,,,,,,,,,,,,,109924.0,0.002335
cadical,shift1add.28943.cnf,benchmarks/shift1add.28943.cnf,UNSAT,103.40358185768127,20.0,False,2958.0,129517.0,1456228.0,25.0,,,,1844.0,12.0,175706.0,91080.0,,103.33,103.39,547040.0,20.0,,,,,,,,,,
glucose,asconhashv12_opt64_H9_M2-Jdds95CIv_m1_5.c.cnf,benchmarks/asconhashv12_opt64_H9_M2-Jdds95CIv_m1_5.c.cnf,SAT,113.58397793769836,10.0,False,393584.0,2202674.0,1388057778.0,2905.0,158682.0,372495.0,113.301,,,,,,,,,,1367.0,17.0,324746.0,46.0,1179.0,182.0,13.0,154.0,,
cadical,mm-1x10-10-10-sb.1.shuffled-as.sat03-1489.cnf,benchmarks/mm-1x10-10-10-sb.1.shuffled-as.sat03-1489.cnf,SAT,0.9026148319244385,10.0,False,33291.0,169733.0,8112448.0,2138.0,,,,32462.0,23393.0,1895.0,2470.0,217.0,0.89,0.89,61328.0,10.0,,,,,,,,,,
glucose,mm-1x10-10-10-sb.1.shuffled-as.sat03-1489.cnf,benchmarks/mm-1x10-10-10-sb.1.shuffled-as.sat03-1489.cnf,SAT,0.5056567192077637,10.0,False,35305.0,98211.0,3254531.0,285.0,2396.0,83733.0,0.493292,,,,,,,,,,39.0,4.0,16193.0,33.0,38.0,25.0,0.0,30.0,,
maplesat,mm-1x10-10-10-sb.1.shuffled-as.sat03-1489.cnf,benchmarks/mm-1x10-10-10-sb.1.shuffled-as.sat03-1489.cnf,SAT,0.20765900611877441,10.0,False,7322.0,27434.0,787942.0,31.0,2396.0,83733.0,0.197578,,,,,,,,,,,,,,,,,,229218.0,0.146108
cadical,asconhashv12_opt64_H9_M2-Jdds95CIv_m1_5.c.cnf,benchmarks/asconhashv12_opt64_H9_M2-Jdds95CIv_m1_5.c.cnf,TIMEOUT,150.0,,True,,,,,,,,,,,,,,,,,,,,,,,,,,
maplesat,asconhashv12_opt64_H9_M2-Jdds95CIv_m1_5.c.cnf,benchmarks/asconhashv12_opt64_H9_M2-Jdds95CIv_m1_5.c.cnf,TIMEOUT,150.0,,True,,,,,,,,,,,,,,,,,,,,,,,,,,
cadical,PRP_100_250.cnf,benchmarks/PRP_100_250.cnf,TIMEOUT,150.0,,True,,,,,,,,,,,,,,,,,,,,,,,,,,
glucose,PRP_100_250.cnf,benchmarks/PRP_100_250.cnf,TIMEOUT,150.0,,True,,,,,3928456.0,23566950.0,,,,,,,,,,,,,,,,,,,,
maplesat,PRP_100_250.cnf,benchmarks/PRP_100_250.cnf,TIMEOUT,150.0,,True,,,,,,,,,,,,,,,,,,,,,,,,,,
cadical,22_1.cnf,benchmarks/22_1.cnf,TIMEOUT,150.0,,True,,,,,,,,,,,,,,,,,,,,,,,,,,
glucose,22_1.cnf,benchmarks/22_1.cnf,TIMEOUT,150.0,,True,,,,,3648.0,12032.0,,,,,,,,,,,,,,,,,,,,
maplesat,22_1.cnf,benchmarks/22_1.cnf,TIMEOUT,150.0,,True,,,,,,,,,,,,,,,,,,,,,,,,,,
cadical,PRP_100_500.cnf,benchmarks/PRP_100_500.cnf,TIMEOUT,150.0,,True,,,,,,,,,,,,,,,,,,,,,,,,,,
glucose,PRP_100_500.cnf,benchmarks/PRP_100_500.cnf,TIMEOUT,150.0,,True,,,,,,,,,,,,,,,,,,,,,,,,,,
maplesat,PRP_100_500.cnf,benchmarks/PRP_100_500.cnf,TIMEOUT,150.0,,True,,,,,,,,,,,,,,,,,,,,,,,,,,
cadical,TableSymModel_output_8_3_10.bul_.dimacs.cnf,benchmarks/TableSymModel_output_8_3_10.bul_.dimacs.cnf,TIMEOUT,150.0,,True,,,,,,,,,,,,,,,,,,,,,,,,,,
glucose,TableSymModel_output_8_3_10.bul_.dimacs.cnf,benchmarks/TableSymModel_output_8_3_10.bul_.dimacs.cnf,TIMEOUT,150.0,,True,,,,,10440.0,106244.0,,,,,,,,,,,,,,,,,,,,
maplesat,TableSymModel_output_8_3_10.bul_.dimacs.cnf,benchmarks/TableSymModel_output_8_3_10.bul_.dimacs.cnf,TIMEOUT,150.0,,True,,,,,,,,,,,,,,,,,,,,,,,,,,
cadical,hash_table_find_safety_size_24.cnf,benchmarks/hash_table_find_safety_size_24.cnf,TIMEOUT,150.0,,True,,,,,,,,,,,,,,,,,,,,,,,,,,
cadical,PRP_30_36.cnf,benchmarks/PRP_30_36.cnf,SAT,23.073025703430176,10.0,False,850708.0,4347081.0,87317063.0,35964.0,,,,778312.0,531556.0,267778.0,243161.0,10207.0,23.01,23.04,635088.0,10.0,,,,,,,,,,
glucose,hash_table_find_safety_size_24.cnf,benchmarks/hash_table_find_safety_size_24.cnf,TIMEOUT,150.0,,True,,,,,,,,,,,,,,,,,,,,,,,,,,
maplesat,hash_table_find_safety_size_24.cnf,benchmarks/hash_table_find_safety_size_24.cnf,UNSAT,111.9740858078003,20.0,False,14191.0,1849277.0,492742215.0,61.0,15062376.0,60600058.0,77.9682,,,,,,,,,,,,,,,,,,4080701.0,0.003792
cadical,satsgi-n23himBHm26-p0-q248.cnf,benchmarks/satsgi-n23himBHm26-p0-q248.cnf,SAT,0.013818025588989258,10.0,False,,,0.0,,,,,,,,,,0.0,0.0,4016.0,10.0,,,,,,,,,,
glucose,satsgi-n23himBHm26-p0-q248.cnf,benchmarks/satsgi-n23himBHm26-p0-q248.cnf,SAT,0.012129068374633789,10.0,False,0.0,324.0,598.0,1.0,598.0,14076.0,0.003658,,,,,,,,,,0.0,0.0,0.0,0.0,0.0,0.0,0.0,0.0,,
maplesat,satsgi-n23himBHm26-p0-q248.cnf,benchmarks/satsgi-n23himBHm26-p0-q248.cnf,SAT,0.010885953903198242,10.0,False,0.0,324.0,598.0,1.0,598.0,14076.0,0.003148,,,,,,,,,,,,,,,,,,0.0,
cadical,goldberg03:hard_eq_check:i10mul.miter.used-as.sat04-333.cnf,benchmarks/goldberg03:hard_eq_check:i10mul.miter.used-as.sat04-333.cnf,UNSAT,7.58660101890564,20.0,False,216509.0,1373029.0,76191694.0,10375.0,,,,208927.0,122440.0,53008.0,24969.0,3187.0,7.56,7.58,62752.0,20.0,,,,,,,,,,
glucose,goldberg03:hard_eq_check:i10mul.miter.used-as.sat04-333.cnf,benchmarks/goldberg03:hard_eq_check:i10mul.miter.used-as.sat04-333.cnf,UNSAT,7.89560604095459,20.0,False,208236.0,2492980.0,111080766.0,1038.0,12998.0,77941.0,7.83421,,,,,,,,,,1311.0,10.0,144461.0,21.0,8445.0,3231.0,452.0,5397.0,,
glucose,PRP_30_36.cnf,benchmarks/PRP_30_36.cnf,SAT,46.37391996383667,10.0,False,1353748.0,25389391.0,604624693.0,4269.0,167970.0,999018.0,45.9864,,,,,,,,,,6692.0,24.0,1022816.0,13.0,84107.0,28608.0,8969.0,18483.0,,
maplesat,PRP_30_36.cnf,benchmarks/PRP_30_36.cnf,SAT,60.232669830322266,10.0,False,938319.0,28494107.0,654190260.0,2044.0,167970.0,999018.0,59.806,,,,,,,,,,,,,,,,,,14214603.0,0.02427
maplesat,goldberg03:hard_eq_check:i10mul.miter.used-as.sat04-333.cnf,benchmarks/goldberg03:hard_eq_check:i10mul.miter.used-as.sat04-333.cnf,TIMEOUT,150.0,,True,,,,,,,,,,,,,,,,,,,,,,,,,,
cadical,satcoin-genesis-UNSAT-10600.cnf,benchmarks/satcoin-genesis-UNSAT-10600.cnf,TIMEOUT,150.0,,True,,,,,,,,,,,,,,,,,,,,,,,,,,
glucose,satcoin-genesis-UNSAT-10600.cnf,benchmarks/satcoin-genesis-UNSAT-10600.cnf,TIMEOUT,150.0,,True,,,,,,,,,,,,,,,,,,,,,,,,,,
maplesat,satcoin-genesis-UNSAT-10600.cnf,benchmarks/satcoin-genesis-UNSAT-10600.cnf,TIMEOUT,150.0,,True,,,,,,,,,,,,,,,,,,,,,,,,,,
cadical,par32-4.shuffled.cnf,benchmarks/par32-4.shuffled.cnf,TIMEOUT,150.0,,True,,,,,,,,,,,,,,,,,,,,,,,,,,
cadical,SCPC-800-41.cnf,benchmarks/SCPC-800-41.cnf,SAT,5.673953056335449,10.0,False,276046.0,347776.0,18822906.0,2343.0,,,,268317.0,124966.0,105675.0,53405.0,989.0,5.66,5.66,96224.0,10.0,,,,,,,,,,
glucose,par32-4.shuffled.cnf,benchmarks/par32-4.shuffled.cnf,TIMEOUT,150.0,,True,,,,,3176.0,9869.0,,,,,,,,,,,,,,,,,,,,
maplesat,par32-4.shuffled.cnf,benchmarks/par32-4.shuffled.cnf,TIMEOUT,150.0,,True,,,,,,,,,,,,,,,,,,,,,,,,,,
glucose,SCPC-800-41.cnf,benchmarks/SCPC-800-41.cnf,TIMEOUT,150.0,,True,,,,,800.0,33540.0,,,,,,,,,,,,,,,,,,,,
maplesat,SCPC-800-41.cnf,benchmarks/SCPC-800-41.cnf,TIMEOUT,150.0,,True,,,,,,,,,,,,,,,,,,,,,,,,,,
cadical,Urquhart-s5-b4.shuffled.cnf,benchmarks/Urquhart-s5-b4.shuffled.cnf,TIMEOUT,150.0,,True,,,,,,,,,,,,,,,,,,,,,,,,,,
cadical,6s166.cnf,benchmarks/6s166.cnf,UNSAT,1.4134242534637451,20.0,False,78832.0,193235.0,10799689.0,2655.0,,,,74976.0,48236.0,11686.0,9006.0,2985.0,1.4,1.4,21280.0,20.0,,,,,,,,,,
glucose,6s166.cnf,benchmarks/6s166.cnf,UNSAT,11.693011999130249,20.0,False,500388.0,639836.0,72763216.0,1006.0,5448.0,15993.0,11.649,,,,,,,,,,3521.0,19.0,413121.0,25.0,1901.0,451.0,12.0,5820.0,,
glucose,Urquhart-s5-b4.shuffled.cnf,benchmarks/Urquhart-s5-b4.shuffled.cnf,TIMEOUT,150.0,,True,,,,,114.0,888.0,,,,,,,,,,,,,,,,,,,,
maplesat,Urquhart-s5-b4.shuffled.cnf,benchmarks/Urquhart-s5-b4.shuffled.cnf,TIMEOUT,150.0,,True,,,,,,,,,,,,,,,,,,,,,,,,,,
maplesat,6s166.cnf,benchmarks/6s166.cnf,TIMEOUT,150.0,,True,,,,,,,,,,,,,,,,,,,,,,,,,,
cadical,intervals788.cnf,benchmarks/intervals788.cnf,TIMEOUT,150.0,,True,,,,,,,,,,,,,,,,,,,,,,,,,,
glucose,intervals788.cnf,benchmarks/intervals788.cnf,TIMEOUT,150.0,,True,,,,,2449.0,52707.0,,,,,,,,,,,,,,,,,,,,
maplesat,intervals788.cnf,benchmarks/intervals788.cnf,TIMEOUT,150.0,,True,,,,,,,,,,,,,,,,,,,,,,,,,,
cadical,preimage_80r_490m_160h_seed_150.cnf,benchmarks/preimage_80r_490m_160h_seed_150.cnf,TIMEOUT,150.0,,True,,,,,,,,,,,,,,,,,,,,,,,,,,
glucose,preimage_80r_490m_160h_seed_150.cnf,benchmarks/preimage_80r_490m_160h_seed_150.cnf,TIMEOUT,150.0,,True,,,,,,,,,,,,,,,,,,,,,,,,,,
glucose,10pipe_q0_k.cnf,benchmarks/10pipe_q0_k.cnf,UNSAT,50.12047791481018,20.0,False,1333836.0,12741042.0,1417869233.0,3760.0,77639.0,2082016.0,49.7095,,,,,,,,,,6696.0,33.0,841522.0,44.0,5487.0,4673.0,97.0,6149.0,,
maplesat,preimage_80r_490m_160h_seed_150.cnf,benchmarks/preimage_80r_490m_160h_seed_150.cnf,TIMEOUT,150.0,,True,,,,,,,,,,,,,,,,,,,,,,,,,,
cadical,iso-icl004.shuffled-as.sat05-3238.cnf,benchmarks/iso-icl004.shuffled-as.sat05-3238.cnf,UNSAT,0.011741876602172852,20.0,False,,,540.0,,,,,,,1564.0,,,0.0,0.0,4800.0,20.0,,,,,,,,,,
glucose,iso-icl004.shuffled-as.sat05-3238.cnf,benchmarks/iso-icl004.shuffled-as.sat05-3238.cnf,UNSAT,0.01073002815246582,20.0,False,11.0,12.0,759.0,1.0,1000.0,7393.0,0.004641,,,,,,,,,,0.0,0.0,0.0,1.0,2.0,2.0,8.0,0.0,,
maplesat,iso-icl004.shuffled-as.sat05-3238.cnf,benchmarks/iso-icl004.shuffled-as.sat05-3238.cnf,UNSAT,0.01153111457824707,20.0,False,11.0,12.0,1074.0,1.0,1000.0,7393.0,0.004137,,,,,,,,,,,,,,,,,,15.0,0.167909
cadical,lisa19_99_a.shuffled.cnf,benchmarks/lisa19_99_a.shuffled.cnf,SAT,1.6280591487884521,10.0,False,63361.0,116082.0,13976658.0,3286.0,,,,62101.0,45522.0,8525.0,4237.0,1438.0,1.62,1.62,14304.0,10.0,,,,,,,,,,
glucose,lisa19_99_a.shuffled.cnf,benchmarks/lisa19_99_a.shuffled.cnf,SAT,0.6411950588226318,10.0,False,28217.0,37228.0,4963760.0,89.0,1201.0,6428.0,0.618329,,,,,,,,,,2.0,4.0,16185.0,35.0,624.0,163.0,2.0,722.0,,
maplesat,lisa19_99_a.shuffled.cnf,benchmarks/lisa19_99_a.shuffled.cnf,SAT,1.5396709442138672,10.0,False,66946.0,85868.0,13056328.0,205.0,1201.0,6428.0,1.52896,,,,,,,,,,,,,,,,,,2441157.0,0.239353
cadical,10pipe_q0_k.cnf,benchmarks/10pipe_q0_k.cnf,TIMEOUT,150.0,,True,,,,,,,,,,,,,,,,,,,,,,,,,,
maplesat,10pipe_q0_k.cnf,benchmarks/10pipe_q0_k.cnf,TIMEOUT,150.0,,True,,,,,,,,,,,,,,,,,,,,,,,,,,
cadical,satcoin-genesis-UNSAT-17800.cnf,benchmarks/satcoin-genesis-UNSAT-17800.cnf,TIMEOUT,150.0,,True,,,,,,,,,,,,,,,,,,,,,,,,,,
glucose,satcoin-genesis-UNSAT-17800.cnf,benchmarks/satcoin-genesis-UNSAT-17800.cnf,TIMEOUT,150.0,,True,,,,,,,,,,,,,,,,,,,,,,,,,,
maplesat,satcoin-genesis-UNSAT-17800.cnf,benchmarks/satcoin-genesis-UNSAT-17800.cnf,TIMEOUT,150.0,,True,,,,,,,,,,,,,,,,,,,,,,,,,,
cadical,intervals718.cnf,benchmarks/intervals718.cnf,TIMEOUT,150.0,,True,,,,,,,,,,,,,,,,,,,,,,,,,,
cadical,FileObject_open_12.cnf,benchmarks/FileObject_open_12.cnf,UNSAT,0.7072560787200928,20.0,False,56902.0,62663.0,1763544.0,731.0,,,,55855.0,9686.0,31117.0,2270.0,303.0,0.7,0.7,10768.0,20.0,,,,,,,,,,
glucose,intervals718.cnf,benchmarks/intervals718.cnf,TIMEOUT,150.0,,True,,,,,2867.0,71029.0,,,,,,,,,,,,,,,,,,,,
maplesat,intervals718.cnf,benchmarks/intervals718.cnf,TIMEOUT,150.0,,True,,,,,,,,,,,,,,,,,,,,,,,,,,
cadical,grs-128-32.cnf,benchmarks/grs-128-32.cnf,UNSAT,36.374252796173096,20.0,False,585253.0,2270234.0,353945220.0,13980.0,,,,558798.0,318826.0,169058.0,129624.0,4491.0,36.36,36.36,247456.0,20.0,,,,,,,,,,
glucose,FileObject_open_12.cnf,benchmarks/FileObject_open_12.cnf,TIMEOUT,150.0,,True,,,,,228.0,1915.0,,,,,,,,,,,,,,,,,,,,
maplesat,FileObject_open_12.cnf,benchmarks/FileObject_open_12.cnf,TIMEOUT,150.0,,True,,,,,,,,,,,,,,,,,,,,,,,,,,
glucose,grs-128-32.cnf,benchmarks/grs-128-32.cnf,UNSAT,66.99302411079407,20.0,False,1364228.0,3214086.0,656398717.0,1255.0,94810.0,279158.0,66.6281,,,,,,,,,,6659.0,32.0,1171502.0,29.0,1233.0,489.0,30.0,831.0,,
maplesat,grs-128-32.cnf,benchmarks/grs-128-32.cnf,UNSAT,124.02344393730164,20.0,False,1691182.0,4856172.0,1074834586.0,3227.0,94810.0,279158.0,123.639,,,,,,,,,,,,,,,,,,49279408.0,0.118216
cadical,satcoin-genesis-UNSAT-18800.cnf,benchmarks/satcoin-genesis-UNSAT-18800.cnf,TIMEOUT,150.0,,True,,,,,,,,,,,,,,,,,,,,,,,,,,
cadical,5col100_15_6.shuffled.cnf,benchmarks/5col100_15_6.shuffled.cnf,UNSAT,2.9212570190429688,20.0,False,141102.0,205734.0,7230397.0,5120.0,,,,138511.0,86133.0,35171.0,11362.0,1202.0,2.91,2.91,14464.0,20.0,,,,,,,,,,
glucose,satcoin-genesis-UNSAT-18800.cnf,benchmarks/satcoin-genesis-UNSAT-18800.cnf,TIMEOUT,150.0,,True,,,,,,,,,,,,,,,,,,,,,,,,,,
maplesat,5col100_15_6.shuffled.cnf,benchmarks/5col100_15_6.shuffled.cnf,UNSAT,5.609379053115845,20.0,False,300764.0,349129.0,14331593.0,731.0,300.0,3973.0,5.59285,,,,,,,,,,,,,,,,,,5015740.0,0.281014
glucose,5col100_15_6.shuffled.cnf,benchmarks/5col100_15_6.shuffled.cnf,UNSAT,39.23580598831177,20.0,False,755327.0,855538.0,31324565.0,493.0,300.0,3973.0,39.1472,,,,,,,,,,5240.0,23.0,637481.0,17.0,855.0,89.0,15.0,2776.0,,
maplesat,satcoin-genesis-UNSAT-18800.cnf,benchmarks/satcoin-genesis-UNSAT-18800.cnf,TIMEOUT,150.0,,True,,,,,,,,,,,,,,,,,,,,,,,,,,
glucose,asconhashv12_opt64_H7_M2-gHvzZOd_m3_4_U11.c.cnf,benchmarks/asconhashv12_opt64_H7_M2-gHvzZOd_m3_4_U11.c.cnf,UNSAT,123.03960394859314,20.0,False,670499.0,2953112.0,978561118.0,3734.0,127091.0,296682.0,122.762,,,,,,,,,,3963.0,22.0,567243.0,43.0,1550.0,232.0,30.0,182.0,,
cadical,os_fwalk_12.cnf,benchmarks/os_fwalk_12.cnf,UNSAT,0.4227461814880371,20.0,False,35117.0,39603.0,1394468.0,369.0,,,,34378.0,8782.0,17015.0,1561.0,183.0,0.41,0.41,10592.0,20.0,,,,,,,,,,
cadical,asconhashv12_opt64_H7_M2-gHvzZOd_m3_4_U11.c.cnf,benchmarks/asconhashv12_opt64_H7_M2-gHvzZOd_m3_4_U11.c.cnf,TIMEOUT,150.0,,True,,,,,,,,,,,,,,,,,,,,,,,,,,
maplesat,asconhashv12_opt64_H7_M2-gHvzZOd_m3_4_U11.c.cnf,benchmarks/asconhashv12_opt64_H7_M2-gHvzZOd_m3_4_U11.c.cnf,TIMEOUT,150.0,,True,,,,,,,,,,,,,,,,,,,,,,,,,,
glucose,os_fwalk_12.cnf,benchmarks/os_fwalk_12.cnf,TIMEOUT,150.0,,True,,,,,288.0,3240.0,,,,,,,,,,,,,,,,,,,,
maplesat,os_fwalk_12.cnf,benchmarks/os_fwalk_12.cnf,TIMEOUT,150.0,,True,,,,,,,,,,,,,,,,,,,,,,,,,,
cadical,ContextModel_output_6_3_8.bul_.dimacs.cnf,benchmarks/ContextModel_output_6_3_8.bul_.dimacs.cnf,SAT,134.67682719230652,10.0,False,2222499.0,8148883.0,355709106.0,100428.0,,,,2173413.0,1520754.0,541840.0,93372.0,9790.0,134.3,134.66,155216.0,10.0,,,,,,,,,,
glucose,ContextModel_output_6_3_8.bul_.dimacs.cnf,benchmarks/ContextModel_output_6_3_8.bul_.dimacs.cnf,TIMEOUT,150.0,,True,,,,,9000.0,45005.0,,,,,,,,,,,,,,,,,,,,
maplesat,ContextModel_output_6_3_8.bul_.dimacs.cnf,benchmarks/ContextModel_output_6_3_8.bul_.dimacs.cnf,TIMEOUT,150.0,,True,,,,,,,,,,,,,,,,,,,,,,,,,,
cadical,PRP_100_400.cnf,benchmarks/PRP_100_400.cnf,TIMEOUT,150.0,,True,,,,,,,,,,,,,,,,,,,,,,,,,,
cadical,SCPC-800-44.cnf,benchmarks/SCPC-800-44.cnf,SAT,8.890378952026367,10.0,False,276045.0,350702.0,19211835.0,2337.0,,,,268314.0,131125.0,99816.0,51376.0,869.0,8.87,8.88,96464.0,10.0,,,,,,,,,,
glucose,PRP_100_400.cnf,benchmarks/PRP_100_400.cnf,TIMEOUT,150.0,,True,,,,,,,,,,,,,,,,,,,,,,,,,,
maplesat,PRP_100_400.cnf,benchmarks/PRP_100_400.cnf,TIMEOUT,150.0,,True,,,,,,,,,,,,,,,,,,,,,,,,,,
glucose,SCPC-800-44.cnf,benchmarks/SCPC-800-44.cnf,TIMEOUT,150.0,,True,,,,,800.0,33695.0,,,,,,,,,,,,,,,,,,,,
maplesat,SCPC-800-44.cnf,benchmarks/SCPC-800-44.cnf,TIMEOUT,150.0,,True,,,,,,,,,,,,,,,,,,,,,,,,,,
cadical,php18-mixed-15percent-blocked.cnf,benchmarks/php18-mixed-15percent-blocked.cnf,TIMEOUT,150.0,,True,,,,,,,,,,,,,,,,,,,,,,,,,,
glucose,php18-mixed-15percent-blocked.cnf,benchmarks/php18-mixed-15percent-blocked.cnf,TIMEOUT,150.0,,True,,,,,526.0,5477.0,,,,,,,,,,,,,,,,,,,,
glucose,DLTM_twitter690_74_16.cnf,benchmarks/DLTM_twitter690_74_16.cnf,SAT,33.11906385421753,10.0,False,300746.0,472019.0,667738750.0,843.0,34886.0,217178.0,32.9935,,,,,,,,,,2705.0,14.0,229736.0,34.0,3545.0,2515.0,2.0,192.0,,
cadical,DLTM_twitter690_74_16.cnf,benchmarks/DLTM_twitter690_74_16.cnf,SAT,126.32206201553345,10.0,False,648713.0,1876074.0,1685534287.0,30009.0,,,,630080.0,497639.0,68273.0,10595.0,10948.0,125.36,126.31,271680.0,10.0,,,,,,,,,,
cadical,c880_gr_rcs_w7.shuffled.cnf,benchmarks/c880_gr_rcs_w7.shuffled.cnf,SAT,0.08922886848449707,10.0,False,184.0,4168.0,58504.0,3.0,,,,175.0,,87.0,47.0,,0.08,0.08,18944.0,10.0,,,,,,,,,,
glucose,c880_gr_rcs_w7.shuffled.cnf,benchmarks/c880_gr_rcs_w7.shuffled.cnf,SAT,0.056121110916137695,10.0,False,771.0,2224.0,124039.0,2.0,4592.0,61745.0,0.04784,,,,,,,,,,0.0,0.0,0.0,50.0,0.0,0.0,0.0,3.0,,
maplesat,c880_gr_rcs_w7.shuffled.cnf,benchmarks/c880_gr_rcs_w7.shuffled.cnf,SAT,0.04128408432006836,10.0,False,155.0,1167.0,34203.0,2.0,4592.0,61745.0,0.033328,,,,,,,,,,,,,,,,,,5255.0,0.050006
maplesat,php18-mixed-15percent-blocked.cnf,benchmarks/php18-mixed-15percent-blocked.cnf,TIMEOUT,150.0,,True,,,,,,,,,,,,,,,,,,,,,,,,,,
maplesat,DLTM_twitter690_74_16.cnf,benchmarks/DLTM_twitter690_74_16.cnf,TIMEOUT,150.0,,True,,,,,,,,,,,,,,,,,,,,,,,,,,
cadical,26_1.cnf,benchmarks/26_1.cnf,TIMEOUT,150.0,,True,,,,,,,,,,,,,,,,,,,,,,,,,,
glucose,26_1.cnf,benchmarks/26_1.cnf,TIMEOUT,150.0,,True,,,,,4288.0,14208.0,,,,,,,,,,,,,,,,,,,,
maplesat,26_1.cnf,benchmarks/26_1.cnf,TIMEOUT,150.0,,True,,,,,,,,,,,,,,,,,,,,,,,,,,
cadical,satch2ways15u.cnf,benchmarks/satch2ways15u.cnf,TIMEOUT,150.0,,True,,,,,,,,,,,,,,,,,,,,,,,,,,
glucose,satch2ways15u.cnf,benchmarks/satch2ways15u.cnf,TIMEOUT,150.0,,True,,,,,15195.0,46499.0,,,,,,,,,,,,,,,,,,,,
