solver,instance,path,status,runtime_sec,returncode,timeout,killed,conflicts,decisions,propagations,restarts,variables,clauses,cpu_time_reported,conflict_literals,memory_reported_mb
minisat,asconhashv12_opt64_H7_M2-OrF8zEw_m2_4.c.cnf,benchmarks/asconhashv12_opt64_H7_M2-OrF8zEw_m2_4.c.cnf,SAT,79.2752149105072,10.0,False,False,147073.0,563789.0,486827095.0,382.0,127096.0,296703.0,78.5165,7014906.0,170.06
minisat,WCNF_to_alien_14.cnf,benchmarks/WCNF_to_alien_14.cnf,TIMEOUT,300.0,,True,False,,,,,,,,,
minisat,ER_500_10_1.apx_1_DC-AD.cnf,benchmarks/ER_500_10_1.apx_1_DC-AD.cnf,TIMEOUT,300.0,,True,False,,,,,,,,,
minisat,stb_588_138.apx_2_DC-ST.cnf,benchmarks/stb_588_138.apx_2_DC-ST.cnf,TIMEOUT,300.0,,True,False,,,,,,,,,
minisat,oisc-subrv-sll-nested-15.cnf,benchmarks/oisc-subrv-sll-nested-15.cnf,TIMEOUT,300.0,,True,False,,,,,,,,,
minisat,ContextModel_output_8_4_10.bul.dimacs.cnf,benchmarks/ContextModel_output_8_4_10.bul.dimacs.cnf,TIMEOUT,300.0,,True,False,,,,,,,,,
minisat,CNFPlus_from_fp_12.cnf,benchmarks/CNFPlus_from_fp_12.cnf,TIMEOUT,300.0,,True,False,,,,,,,,,
minisat,eqspctbk14spwtcl14.cnf,benchmarks/eqspctbk14spwtcl14.cnf,TIMEOUT,300.0,,True,False,,,,,,,,,
minisat,PRP_200_100.cnf,benchmarks/PRP_200_100.cnf,TIMEOUT,300.0,,True,False,,,,,,,,,
minisat,sgen3-n260-s62321009-sat.cnf,benchmarks/sgen3-n260-s62321009-sat.cnf,TIMEOUT,300.0,,True,False,,,,,,,,,
minisat,hash_table_find_safety_size_20.cnf,benchmarks/hash_table_find_safety_size_20.cnf,TIMEOUT,300.0,,True,False,,,,,,,,,
minisat,brent_65_0.1.cnf,benchmarks/brent_65_0.1.cnf,TIMEOUT,300.0,,True,False,,,,,,,,,
minisat,brent_63_0.26.cnf,benchmarks/brent_63_0.26.cnf,TIMEOUT,300.0,,True,False,,,,,,,,,
minisat,iso-brn100.shuffled-as.sat05-3025.cnf,benchmarks/iso-brn100.shuffled-as.sat05-3025.cnf,SAT,0.0406966209411621,10.0,False,False,265.0,750.0,15193.0,3.0,3587.0,8859.0,0.017001,2487.0,83.29
minisat,ContextModel_output_8_4_8.bul_.dimacs.cnf,benchmarks/ContextModel_output_8_4_8.bul_.dimacs.cnf,TIMEOUT,300.0,,True,False,,,,,,,,,
minisat,grs-64-160.cnf,benchmarks/grs-64-160.cnf,TIMEOUT,300.0,,True,False,,,,,,,,,
minisat,SC23_Timetable_C_474_E_50_Cl_32_D_6_T_50.cnf,benchmarks/SC23_Timetable_C_474_E_50_Cl_32_D_6_T_50.cnf,TIMEOUT,300.0,,True,False,,,,,,,,,
minisat,shift1add.28943.cnf,benchmarks/shift1add.28943.cnf,UNSAT,12.583340406417848,20.0,False,False,35881.0,19391801.0,75290099.0,126.0,636737.0,1128757.0,11.8986,148729.0,317.53
minisat,asconhashv12_opt64_H9_M2-Jdds95CIv_m1_5.c.cnf,benchmarks/asconhashv12_opt64_H9_M2-Jdds95CIv_m1_5.c.cnf,SAT,211.59620833396912,10.0,False,False,248398.0,1037840.0,1358646846.0,574.0,158682.0,372495.0,209.997,15394303.0,214.01
minisat,mm-1x10-10-10-sb.1.shuffled-as.sat03-1489.cnf,benchmarks/mm-1x10-10-10-sb.1.shuffled-as.sat03-1489.cnf,SAT,0.5222163200378418,10.0,False,False,7783.0,26063.0,939095.0,31.0,2396.0,83733.0,0.450742,302810.0,89.7
minisat,PRP_100_250.cnf,benchmarks/PRP_100_250.cnf,TIMEOUT,300.0,,True,False,,,,,,,,,
minisat,22_1.cnf,benchmarks/22_1.cnf,TIMEOUT,300.0,,True,False,,,,,,,,,
minisat,PRP_100_500.cnf,benchmarks/PRP_100_500.cnf,TIMEOUT,300.0,,True,False,,,,,,,,,
minisat,TableSymModel_output_8_3_10.bul_.dimacs.cnf,benchmarks/TableSymModel_output_8_3_10.bul_.dimacs.cnf,TIMEOUT,300.0,,True,False,,,,,,,,,
minisat,hash_table_find_safety_size_24.cnf,benchmarks/hash_table_find_safety_size_24.cnf,UNSAT,114.43826866149902,20.0,False,False,13550.0,1635824.0,546756716.0,60.0,15062376.0,60600058.0,110.978,2347794.0,7428.14
minisat,PRP_30_36.cnf,benchmarks/PRP_30_36.cnf,SAT,87.60483312606812,10.0,False,False,1356336.0,18622218.0,493200961.0,2558.0,167970.0,999018.0,86.6466,26980633.0,416.65
minisat,satsgi-n23himBHm26-p0-q248.cnf,benchmarks/satsgi-n23himBHm26-p0-q248.cnf,SAT,0.0491187572479248,10.0,False,False,0.0,324.0,598.0,1.0,598.0,14076.0,0.00881,0.0,83.04
minisat,goldberg03:hard_eq_check:i10mul.miter.used-as.sat04-333.cnf,benchmarks/goldberg03:hard_eq_check:i10mul.miter.used-as.sat04-333.cnf,UNSAT,77.31114339828491,20.0,False,False,1042470.0,5839953.0,466982866.0,2047.0,12998.0,77941.0,76.622,44744527.0,156.33
minisat,satcoin-genesis-UNSAT-10600.cnf,benchmarks/satcoin-genesis-UNSAT-10600.cnf,TIMEOUT,300.0,,True,False,,,,,,,,,
minisat,par32-4.shuffled.cnf,benchmarks/par32-4.shuffled.cnf,TIMEOUT,300.0,,True,False,,,,,,,,,
minisat,SCPC-800-41.cnf,benchmarks/SCPC-800-41.cnf,TIMEOUT,300.0,,True,False,,,,,,,,,
minisat,Urquhart-s5-b4.shuffled.cnf,benchmarks/Urquhart-s5-b4.shuffled.cnf,TIMEOUT,300.0,,True,False,,,,,,,,,
minisat,6s166.cnf,benchmarks/6s166.cnf,TIMEOUT,300.0,,True,False,,,,,,,,,
minisat,intervals788.cnf,benchmarks/intervals788.cnf,TIMEOUT,300.0,,True,False,,,,,,,,,
minisat,preimage_80r_490m_160h_seed_150.cnf,benchmarks/preimage_80r_490m_160h_seed_150.cnf,TIMEOUT,300.0,,True,False,,,,,,,,,
minisat,10pipe_q0_k.cnf,benchmarks/10pipe_q0_k.cnf,TIMEOUT,300.0,,True,False,,,,,,,,,
minisat,iso-icl004.shuffled-as.sat05-3238.cnf,benchmarks/iso-icl004.shuffled-as.sat05-3238.cnf,UNSAT,0.0348320007324218,20.0,False,False,15.0,15.0,1263.0,1.0,1000.0,7393.0,0.010303,22.0,82.73
minisat,lisa19_99_a.shuffled.cnf,benchmarks/lisa19_99_a.shuffled.cnf,SAT,1.27734375,10.0,False,False,34493.0,45212.0,8002630.0,125.0,1201.0,6428.0,1.23455,1245018.0,82.87
minisat,satcoin-genesis-UNSAT-17800.cnf,benchmarks/satcoin-genesis-UNSAT-17800.cnf,TIMEOUT,300.0,,True,False,,,,,,,,,
minisat,intervals718.cnf,benchmarks/intervals718.cnf,TIMEOUT,300.0,,True,False,,,,,,,,,
minisat,FileObject_open_12.cnf,benchmarks/FileObject_open_12.cnf,TIMEOUT,300.0,,True,False,,,,,,,,,
minisat,grs-128-32.cnf,benchmarks/grs-128-32.cnf,UNSAT,262.5941963195801,20.0,False,False,3280027.0,7784598.0,1805831590.0,5869.0,94810.0,279158.0,259.959,94906583.0,262.05
minisat,satcoin-genesis-UNSAT-18800.cnf,benchmarks/satcoin-genesis-UNSAT-18800.cnf,TIMEOUT,300.0,,True,False,,,,,,,,,
minisat,5col100_15_6.shuffled.cnf,benchmarks/5col100_15_6.shuffled.cnf,UNSAT,10.388111114501951,20.0,False,False,757731.0,941576.0,35102564.0,1595.0,300.0,3973.0,10.2857,11864941.0,82.6
minisat,asconhashv12_opt64_H7_M2-gHvzZOd_m3_4_U11.c.cnf,benchmarks/asconhashv12_opt64_H7_M2-gHvzZOd_m3_4_U11.c.cnf,UNSAT,123.58580422401428,20.0,False,False,249741.0,926962.0,659888924.0,574.0,127091.0,296682.0,122.202,15983076.0,204.8
minisat,os_fwalk_12.cnf,benchmarks/os_fwalk_12.cnf,TIMEOUT,300.0,,True,False,,,,,,,,,
minisat,ContextModel_output_6_3_8.bul_.dimacs.cnf,benchmarks/ContextModel_output_6_3_8.bul_.dimacs.cnf,SAT,223.837295293808,10.0,False,False,1773471.0,3463379.0,476286028.0,3434.0,9000.0,45005.0,222.066,226613293.0,235.73
minisat,PRP_100_400.cnf,benchmarks/PRP_100_400.cnf,TIMEOUT,300.0,,True,False,,,,,,,,,
minisat,SCPC-800-44.cnf,benchmarks/SCPC-800-44.cnf,TIMEOUT,300.0,,True,False,,,,,,,,,
minisat,php18-mixed-15percent-blocked.cnf,benchmarks/php18-mixed-15percent-blocked.cnf,TIMEOUT,300.0,,True,False,,,,,,,,,
minisat,DLTM_twitter690_74_16.cnf,benchmarks/DLTM_twitter690_74_16.cnf,TIMEOUT,300.0,,True,False,,,,,,,,,
minisat,c880_gr_rcs_w7.shuffled.cnf,benchmarks/c880_gr_rcs_w7.shuffled.cnf,SAT,220.3979115486145,10.0,False,False,197.0,1268.0,37466.0,2.0,4592.0,61745.0,0.094013,7029.0,87.89
minisat,26_1.cnf,benchmarks/26_1.cnf,TIMEOUT,300.0,,True,False,,,,,,,,,
minisat,satch2ways15u.cnf,benchmarks/satch2ways15u.cnf,TIMEOUT,300.0,,True,False,,,,,,,,,
minisat,TableSymModel_output_6_4_6.bul_.dimacs.cnf,benchmarks/TableSymModel_output_6_4_6.bul_.dimacs.cnf,TIMEOUT,300.0,,True,False,,,,,,,,,
minisat,ER_400_20_7.apx_1_DC-ST.cnf,benchmarks/ER_400_20_7.apx_1_DC-ST.cnf,TIMEOUT,300.0,,True,False,,,,,,,,,
minisat,SC23_Timetable_C_481_E_51_Cl_32_D_6_T_50.cnf,benchmarks/SC23_Timetable_C_481_E_51_Cl_32_D_6_T_50.cnf,TIMEOUT,300.0,,True,False,,,,,,,,,
minisat,DivS_942_11.cnf.sanitized.cnf,benchmarks/DivS_942_11.cnf.sanitized.cnf,SAT,133.20553874969482,10.0,False,False,0.0,1.0,942.0,1.0,942.0,936584.0,131.892,0.0,225.64
minisat,SGI_30_70_27_50_3-dir.shuffled-as.sat03-169.cnf,benchmarks/SGI_30_70_27_50_3-dir.shuffled-as.sat03-169.cnf,TIMEOUT,300.0,,True,False,,,,,,,,,
minisat,hash_table_find_safety_size_23.cnf,benchmarks/hash_table_find_safety_size_23.cnf,UNSAT,83.25747418403625,20.0,False,False,14297.0,1361964.0,371873466.0,61.0,14140522.0,56857195.0,79.6979,1410295.0,6870.36
minisat,DivU_624_11.cnf.sanitized.cnf,benchmarks/DivU_624_11.cnf.sanitized.cnf,UNSAT,49.80704498291016,20.0,False,False,0.0,0.0,347.0,0.0,624.0,612150.0,49.3663,0.0,191.59
minisat,31_1.cnf,benchmarks/31_1.cnf,TIMEOUT,300.0,,True,False,,,,,,,,,
minisat,or_randxor_k3_n520_m520.cnf,benchmarks/or_randxor_k3_n520_m520.cnf,TIMEOUT,300.0,,True,False,,,,,,,,,
minisat,satcoin-genesis-UNSAT-17400.cnf,benchmarks/satcoin-genesis-UNSAT-17400.cnf,TIMEOUT,300.0,,True,False,,,,,,,,,
minisat,SCPC-700-84.cnf,benchmarks/SCPC-700-84.cnf,TIMEOUT,300.0,,True,False,,,,,,,,,
minisat,TableModel_output_6_3_8.bul_.dimacs.cnf,benchmarks/TableModel_output_6_3_8.bul_.dimacs.cnf,TIMEOUT,300.0,,True,False,,,,,,,,,
minisat,SCPC-1000-18.cnf,benchmarks/SCPC-1000-18.cnf,TIMEOUT,300.0,,True,False,,,,,,,,,
minisat,brent_69_0.3.cnf,benchmarks/brent_69_0.3.cnf,TIMEOUT,300.0,,True,False,,,,,,,,,
minisat,satcoin-genesis-UNSAT-11400.cnf,benchmarks/satcoin-genesis-UNSAT-11400.cnf,TIMEOUT,300.0,,True,False,,,,,,,,,
minisat,asconhashv12_opt64_H9_M2-wNfQskE8G_m1_6_U0.c.cnf,benchmarks/asconhashv12_opt64_H9_M2-wNfQskE8G_m1_6_U0.c.cnf,UNSAT,260.69242691993713,20.0,False,False,489768.0,1846107.0,1554768613.0,1023.0,158758.0,372790.0,258.477,43829123.0,354.7
minisat,asconhashv12_opt64_H10_M2-pH7B6T6Vub_m6_7.c.cnf,benchmarks/asconhashv12_opt64_H10_M2-pH7B6T6Vub_m6_7.c.cnf,SAT,268.2790901660919,10.0,False,False,626446.0,2320653.0,1473088574.0,1326.0,158850.0,373087.0,266.46,71496352.0,492.34
minisat,25_2.cnf,benchmarks/25_2.cnf,TIMEOUT,300.0,,True,False,,,,,,,,,
minisat,intervals477.cnf,benchmarks/intervals477.cnf,TIMEOUT,300.0,,True,False,,,,,,,,,
minisat,TableSymModel_output_7_3_9.bul_.dimacs.cnf,benchmarks/TableSymModel_output_7_3_9.bul_.dimacs.cnf,TIMEOUT,300.0,,True,False,,,,,,,,,
minisat,asconhashv12_opt64_H8_M2-nm2vUdkK_m3_5_U3.c.cnf,benchmarks/asconhashv12_opt64_H8_M2-nm2vUdkK_m3_5_U3.c.cnf,UNSAT,227.49872660636905,20.0,False,False,207016.0,730040.0,1464046896.0,511.0,158612.0,372521.0,225.625,12928926.0,212.75
minisat,stb_588_138.apx_2_DS-ST.cnf,benchmarks/stb_588_138.apx_2_DS-ST.cnf,TIMEOUT,300.0,,True,False,,,,,,,,,
minisat,WS_400_32_90_10.apx_1_DC-AD.cnf,benchmarks/WS_400_32_90_10.apx_1_DC-AD.cnf,TIMEOUT,300.0,,True,False,,,,,,,,,
minisat,brent_63_0.1.cnf,benchmarks/brent_63_0.1.cnf,TIMEOUT,300.0,,True,False,,,,,,,,,
minisat,php18-mixed-35percent-blocked.cnf,benchmarks/php18-mixed-35percent-blocked.cnf,TIMEOUT,300.0,,True,False,,,,,,,,,
minisat,grs-96-32.cnf,benchmarks/grs-96-32.cnf,UNSAT,138.66984128952026,20.0,False,False,2191388.0,5373210.0,1191067876.0,4094.0,75802.0,222678.0,137.756,64776898.0,211.22
minisat,SC23_Timetable_C_483_E_50_Cl_33_D_6_T_50.cnf,benchmarks/SC23_Timetable_C_483_E_50_Cl_33_D_6_T_50.cnf,TIMEOUT,300.0,,True,False,,,,,,,,,
minisat,SC23_Timetable_C_478_E_50_Cl_32_D_6_T_50.cnf,benchmarks/SC23_Timetable_C_478_E_50_Cl_32_D_6_T_50.cnf,SAT,86.32609152793884,10.0,False,False,473794.0,18850280.0,213510246.0,1023.0,248016.0,798549.0,85.2719,75749535.0,547.12
minisat,asconhashv12_opt64_H4_M2-ldRf_m1_2_U21.c.cnf,benchmarks/asconhashv12_opt64_H4_M2-ldRf_m1_2_U21.c.cnf,UNSAT,113.0589451789856,20.0,False,False,309099.0,1085489.0,684015137.0,762.0,127008.0,296562.0,112.306,25643847.0,256.42
minisat,vmpc_28.shuffled-as.sat05-1957.cnf,benchmarks/vmpc_28.shuffled-as.sat05-1957.cnf,SAT,49.90182566642761,10.0,False,False,664237.0,1273708.0,83698812.0,1421.0,784.0,108080.0,49.3042,20780453.0,157.72
minisat,srhd-sgi-m37-q446.25-n35-p30-s33692332.cnf,benchmarks/srhd-sgi-m37-q446.25-n35-p30-s33692332.cnf,TIMEOUT,300.0,,True,False,,,,,,,,,
minisat,15pipe_q0_k.cnf,benchmarks/15pipe_q0_k.cnf,TIMEOUT,300.0,,True,False,,,,,,,,,
minisat,StreamReader_readline_13.cnf,benchmarks/StreamReader_readline_13.cnf,TIMEOUT,300.0,,True,False,,,,,,,,,
minisat,hash_table_find_safety_size_16.cnf,benchmarks/hash_table_find_safety_size_16.cnf,UNSAT,43.065507650375366,20.0,False,False,11866.0,1190743.0,204368679.0,51.0,8477049.0,33898352.0,41.1871,1375859.0,4272.04
minisat,intervals327.cnf,benchmarks/intervals327.cnf,TIMEOUT,300.0,,True,False,,,,,,,,,
minisat,SCPC-700-87.cnf,benchmarks/SCPC-700-87.cnf,TIMEOUT,300.0,,True,False,,,,,,,,,
minisat,grs-192-32.cnf,benchmarks/grs-192-32.cnf,UNSAT,213.37478971481323,20.0,False,False,1687815.0,4322977.0,1970541405.0,3210.0,132826.0,392118.0,211.028,61259659.0,260.95
minisat,30_2.cnf,benchmarks/30_2.cnf,TIMEOUT,300.0,,True,False,,,,,,,,,
minisat,asconhashv12_opt64_H15_M2-kwhXs2juqFoKAYA_m12_13_U16.c.cnf,benchmarks/asconhashv12_opt64_H15_M2-kwhXs2juqFoKAYA_m12_13_U16.c.cnf,UNSAT,220.4221444129944,20.0,False,False,676387.0,2441163.0,903188848.0,1468.0,138834.0,296566.0,218.5,74477929.0,493.34
minisat,intervals727.cnf,benchmarks/intervals727.cnf,TIMEOUT,300.0,,True,False,,,,,,,,,
minisat,combined-crypto1-wff-seed-101-wffvars-500-cryptocplx-31-overlap-2.cnf,benchmarks/combined-crypto1-wff-seed-101-wffvars-500-cryptocplx-31-overlap-2.cnf,TIMEOUT,300.0,,True,False,,,,,,,,,
minisat,sat-bench-trig-taylor4.cnf,benchmarks/sat-bench-trig-taylor4.cnf,TIMEOUT,300.0,,True,False,,,,,,,,,
minisat,ER_500_30_3.apx_2_DC-ST.cnf,benchmarks/ER_500_30_3.apx_2_DC-ST.cnf,TIMEOUT,300.0,,True,False,,,,,,,,,
minisat,or_randxor_k3_n560_m560.cnf,benchmarks/or_randxor_k3_n560_m560.cnf,TIMEOUT,300.0,,True,False,,,,,,,,,
minisat,REGRandom-K4-L3-Seed15.cnf,benchmarks/REGRandom-K4-L3-Seed15.cnf,TIMEOUT,300.0,,True,False,,,,,,,,,
minisat,hash_table_find_safety_size_14.cnf,benchmarks/hash_table_find_safety_size_14.cnf,UNSAT,36.060346841812134,20.0,False,False,6919.0,856320.0,167095077.0,31.0,7112640.0,28380366.0,34.4937,654789.0,3527.88
minisat,LZMAFile___init___14.cnf,benchmarks/LZMAFile___init___14.cnf,TIMEOUT,300.0,,True,False,,,,,,,,,
minisat,hash_table_find_safety_size_12.cnf,benchmarks/hash_table_find_safety_size_12.cnf,UNSAT,26.713181257247925,20.0,False,False,5814.0,546799.0,111498564.0,30.0,5861110.0,23325682.0,25.3318,361095.0,3018.05
minisat,SC23_Timetable_C_473_E_52_Cl_32_D_6_T_50.cnf,benchmarks/SC23_Timetable_C_473_E_52_Cl_32_D_6_T_50.cnf,TIMEOUT,300.0,,True,False,,,,,,,,,
minisat,SCPC-800-49.cnf,benchmarks/SCPC-800-49.cnf,TIMEOUT,300.0,,True,False,,,,,,,,,
minisat,SCPC-900-27.cnf,benchmarks/SCPC-900-27.cnf,TIMEOUT,300.0,,True,False,,,,,,,,,
minisat,intervals313.cnf,benchmarks/intervals313.cnf,TIMEOUT,300.0,,True,False,,,,,,,,,
minisat,intervals961.cnf,benchmarks/intervals961.cnf,TIMEOUT,300.0,,True,False,,,,,,,,,
minisat,intervals802.cnf,benchmarks/intervals802.cnf,TIMEOUT,300.0,,True,False,,,,,,,,,
minisat,ContextModel_output_7_3_9.bul_.dimacs.cnf,benchmarks/ContextModel_output_7_3_9.bul_.dimacs.cnf,SAT,136.08912539482117,10.0,False,False,928962.0,2343312.0,245181768.0,2042.0,13797.0,76333.0,134.476,138781422.0,249.32
minisat,hash_table_find_safety_size_13.cnf,benchmarks/hash_table_find_safety_size_13.cnf,UNSAT,36.93858098983765,20.0,False,False,6704.0,707929.0,100750673.0,31.0,6472782.0,25795161.0,35.4168,500253.0,3155.02
minisat,tseitin_d3_n180000.cnf,benchmarks/tseitin_d3_n180000.cnf,TIMEOUT,300.0,,True,False,,,,,,,,,
minisat,TableModel_output_7_3_9.bul_.dimacs.cnf,benchmarks/TableModel_output_7_3_9.bul_.dimacs.cnf,TIMEOUT,300.0,,True,False,,,,,,,,,
minisat,satcoin-genesis-UNSAT-12300.cnf,benchmarks/satcoin-genesis-UNSAT-12300.cnf,TIMEOUT,300.0,,True,False,,,,,,,,,
minisat,18_1.cnf,benchmarks/18_1.cnf,TIMEOUT,300.0,,True,False,,,,,,,,,
minisat,sat-bench-trig-bhaskara.cnf,benchmarks/sat-bench-trig-bhaskara.cnf,TIMEOUT,300.0,,True,False,,,,,,,,,
minisat,SC23_Timetable_C_473_E_50_Cl_32_D_6_T_50.cnf,benchmarks/SC23_Timetable_C_473_E_50_Cl_32_D_6_T_50.cnf,TIMEOUT,300.0,,True,False,,,,,,,,,
minisat,SAT_dat.k10.cnf,benchmarks/SAT_dat.k10.cnf,TIMEOUT,300.0,,True,False,,,,,,,,,
minisat,rbsat-v760c43649gyes10.cnf,benchmarks/rbsat-v760c43649gyes10.cnf,SAT,5.126464128494263,10.0,False,False,102120.0,154576.0,9831050.0,255.0,760.0,43649.0,5.0254,4828148.0,104.34
minisat,gensys-icl002.shuffled-as.sat05-2714.cnf,benchmarks/gensys-icl002.shuffled-as.sat05-2714.cnf,UNSAT,25.27915954589844,20.0,False,False,1204987.0,2008671.0,41559860.0,2294.0,1444.0,7231.0,20.5688,29924875.0,85.79
minisat,brent_67_0.05.cnf,benchmarks/brent_67_0.05.cnf,TIMEOUT,300.0,,True,False,,,,,,,,,
minisat,mp1-klieber2017s-1600-022-eq.cnf,benchmarks/mp1-klieber2017s-1600-022-eq.cnf,TIMEOUT,300.0,,True,False,,,,,,,,,
minisat,CNF_to_alien_12.cnf,benchmarks/CNF_to_alien_12.cnf,TIMEOUT,300.0,,True,False,,,,,,,,,
minisat,asconhashv12_opt64_H12_M2-CxLJidFX21oI_m3_6_U2.c.cnf,benchmarks/asconhashv12_opt64_H12_M2-CxLJidFX21oI_m3_6_U2.c.cnf,TIMEOUT,300.0,,True,False,,,,,,,,,
minisat,cliquecoloring_n16_k7_c6.cnf,benchmarks/cliquecoloring_n16_k7_c6.cnf,TIMEOUT,300.0,,True,False,,,,,,,,,
minisat,rook-47-0-1.cnf,benchmarks/rook-47-0-1.cnf,TIMEOUT,300.0,,True,False,,,,,,,,,
minisat,brent_51_0.28.cnf,benchmarks/brent_51_0.28.cnf,TIMEOUT,300.0,,True,False,,,,,,,,,
minisat,hash_table_find_safety_size_11.cnf,benchmarks/hash_table_find_safety_size_11.cnf,UNSAT,41.222787857055664,20.0,False,False,6349.0,728564.0,145211681.0,30.0,5277644.0,20971987.0,39.6345,836653.0,2680.19
minisat,hwmcc10-timeframe-expansion-k45-nusmvguidancep9-tseitin.cnf,benchmarks/hwmcc10-timeframe-expansion-k45-nusmvguidancep9-tseitin.cnf,UNSAT,1.6358745098114014,20.0,False,False,12143.0,93176.0,4961946.0,53.0,64138.0,181071.0,1.51635,253696.0,112.43
minisat,pmg-12-UNSAT.sat05-3940.reshuffled-07.cnf,benchmarks/pmg-12-UNSAT.sat05-3940.reshuffled-07.cnf,TIMEOUT,300.0,,True,False,,,,,,,,,
minisat,TimetableCNFEncoding_20_UNKNOWN.cnf,benchmarks/TimetableCNFEncoding_20_UNKNOWN.cnf,TIMEOUT,300.0,,True,False,,,,,,,,,
minisat,or_randxor_k3_n540_m540.cnf,benchmarks/or_randxor_k3_n540_m540.cnf,TIMEOUT,300.0,,True,False,,,,,,,,,
minisat,intervals80.cnf,benchmarks/intervals80.cnf,TIMEOUT,300.0,,True,False,,,,,,,,,
minisat,SCPC-700-82.cnf,benchmarks/SCPC-700-82.cnf,TIMEOUT,300.0,,True,False,,,,,,,,,
minisat,ContextModel_output_6_5_6.bul_.dimacs.cnf,benchmarks/ContextModel_output_6_5_6.bul_.dimacs.cnf,TIMEOUT,300.0,,True,False,,,,,,,,,
minisat,brent_63_0.22.cnf,benchmarks/brent_63_0.22.cnf,TIMEOUT,300.0,,True,False,,,,,,,,,
minisat,pyhala-braun-sat-35-4-04.shuffled.cnf,benchmarks/pyhala-braun-sat-35-4-04.shuffled.cnf,SAT,22.7047815322876,10.0,False,False,264820.0,313717.0,150252731.0,636.0,7383.0,24097.0,22.4062,8736810.0,92.92
minisat,asconhashv12_opt64_H8_M2-1yQCyA0j_m2_6.c.cnf,benchmarks/asconhashv12_opt64_H8_M2-1yQCyA0j_m2_6.c.cnf,SAT,188.88945865631104,10.0,False,False,218792.0,994250.0,582392404.0,511.0,158719.0,372941.0,186.854,17108935.0,212.69
minisat,satcoin-genesis-UNSAT-19800.cnf,benchmarks/satcoin-genesis-UNSAT-19800.cnf,TIMEOUT,300.0,,True,False,,,,,,,,,
minisat,WS_500_16_90_70.apx_2_DC-ST.cnf,benchmarks/WS_500_16_90_70.apx_2_DC-ST.cnf,TIMEOUT,300.0,,True,False,,,,,,,,,
minisat,multiplier_16bits__miter_19.cnf,benchmarks/multiplier_16bits__miter_19.cnf,TIMEOUT,300.0,,True,False,,,,,,,,,
minisat,SC23_Timetable_C_486_E_50_Cl_33_D_6_T_50.cnf,benchmarks/SC23_Timetable_C_486_E_50_Cl_33_D_6_T_50.cnf,TIMEOUT,300.0,,True,False,,,,,,,,,
minisat,grs-48-128.cnf,benchmarks/grs-48-128.cnf,TIMEOUT,300.0,,True,False,,,,,,,,,
minisat,ContextModel_output_6_4_6.bul_.dimacs.cnf,benchmarks/ContextModel_output_6_4_6.bul_.dimacs.cnf,TIMEOUT,300.0,,True,False,,,,,,,,,
minisat,mrpp_4x4#12_12.cnf,benchmarks/mrpp_4x4#12_12.cnf,TIMEOUT,300.0,,True,False,,,,,,,,,
minisat,rphp_p60_r60.cnf,benchmarks/rphp_p60_r60.cnf,TIMEOUT,300.0,,True,False,,,,,,,,,
minisat,mchess18-mixed-25percent-blocked.cnf,benchmarks/mchess18-mixed-25percent-blocked.cnf,TIMEOUT,300.0,,True,False,,,,,,,,,
minisat,mod4block_2vars_10gates_u2_autoenc-sc2009.cnf,benchmarks/mod4block_2vars_10gates_u2_autoenc-sc2009.cnf,SAT,206.29954600334167,10.0,False,False,6949117.0,12224708.0,133916219.0,11261.0,479.0,123439.0,204.382,213752752.0,170.23
minisat,Schur_161_5_d40.cnf,benchmarks/Schur_161_5_d40.cnf,TIMEOUT,300.0,,True,False,,,,,,,,,
minisat,170223547.cnf,benchmarks/170223547.cnf,TIMEOUT,300.0,,True,False,,,,,,,,,
minisat,stb_418_125.apx_2_DC-ST.cnf,benchmarks/stb_418_125.apx_2_DC-ST.cnf,TIMEOUT,300.0,,True,False,,,,,,,,,
minisat,php17-mixed-35percent-blocked.cnf,benchmarks/php17-mixed-35percent-blocked.cnf,UNSAT,193.46005940437317,20.0,False,False,5352967.0,8231753.0,220531507.0,8256.0,460.0,8655.0,191.682,262344361.0,123.73
minisat,WCNF_from_fp_13.cnf,benchmarks/WCNF_from_fp_13.cnf,TIMEOUT,300.0,,True,False,,,,,,,,,
minisat,new-difficult-26-243-24-70.cnf,benchmarks/new-difficult-26-243-24-70.cnf,TIMEOUT,300.0,,True,False,,,,,,,,,
minisat,32_0.cnf,benchmarks/32_0.cnf,TIMEOUT,300.0,,True,False,,,,,,,,,
minisat,multiplier_13bits__miter_15.cnf,benchmarks/multiplier_13bits__miter_15.cnf,TIMEOUT,300.0,,True,False,,,,,,,,,
minisat,SC23_Timetable_C_480_E_50_Cl_32_D_6_T_50.cnf,benchmarks/SC23_Timetable_C_480_E_50_Cl_32_D_6_T_50.cnf,TIMEOUT,300.0,,True,False,,,,,,,,,
minisat,goldcrest-and-16.cnf,benchmarks/goldcrest-and-16.cnf,TIMEOUT,300.0,,True,False,,,,,,,,,
minisat,PRP_100_350.cnf,benchmarks/PRP_100_350.cnf,TIMEOUT,300.0,,True,False,,,,,,,,,
minisat,em_11_3_4_cmp.cnf,benchmarks/em_11_3_4_cmp.cnf,TIMEOUT,300.0,,True,False,,,,,,,,,
minisat,php16-mixed-15percent-blocked.cnf,benchmarks/php16-mixed-15percent-blocked.cnf,TIMEOUT,300.0,,True,False,,,,,,,,,
minisat,asconhashv12_opt64_H6_M2-4XKSMr_m1_3_U25.c.cnf,benchmarks/asconhashv12_opt64_H6_M2-4XKSMr_m1_3_U25.c.cnf,UNSAT,119.78260374069214,20.0,False,False,256394.0,885776.0,652685084.0,605.0,127069.0,296657.0,118.511,16892165.0,205.28
minisat,REGRandom-K4-L1-Seed5.cnf,benchmarks/REGRandom-K4-L1-Seed5.cnf,UNSAT,83.57238292694092,20.0,False,False,1280257.0,5370726.0,23067658.0,2451.0,4608.0,825728.0,82.1679,180996312.0,1059.92
minisat,IBM_FV_2004_rule_batch_1_31_1_SAT_dat.k40.debugged.cnf,benchmarks/IBM_FV_2004_rule_batch_1_31_1_SAT_dat.k40.debugged.cnf,TIMEOUT,300.0,,True,False,,,,,,,,,
minisat,3col120_5_2.shuffled.cnf,benchmarks/3col120_5_2.shuffled.cnf,SAT,0.1210062503814697,10.0,False,False,10638.0,12607.0,677708.0,46.0,240.0,1007.0,0.099761,167736.0,82.32
minisat,TableModel_output_8_4_8.bul_.dimacs.cnf,benchmarks/TableModel_output_8_4_8.bul_.dimacs.cnf,TIMEOUT,300.0,,True,False,,,,,,,,,
minisat,hash_table_find_safety_size_29.cnf,benchmarks/hash_table_find_safety_size_29.cnf,UNSAT,165.42360854148865,20.0,False,False,15155.0,2012206.0,584110878.0,62.0,20094661.0,81050919.0,160.88,1131534.0,10443.51
minisat,SCPC-700-80.cnf,benchmarks/SCPC-700-80.cnf,TIMEOUT,300.0,,True,False,,,,,,,,,
minisat,grs-48-256.cnf,benchmarks/grs-48-256.cnf,TIMEOUT,300.0,,True,False,,,,,,,,,
minisat,g2-ak128astepbg2asisc.cnf,benchmarks/g2-ak128astepbg2asisc.cnf,TIMEOUT,300.0,,True,False,,,,,,,,,
minisat,LZMAFile_write_12.cnf,benchmarks/LZMAFile_write_12.cnf,TIMEOUT,300.0,,True,False,,,,,,,,,
minisat,DivS_862_11.cnf.sanitized.cnf,benchmarks/DivS_862_11.cnf.sanitized.cnf,SAT,131.17689752578735,10.0,False,False,0.0,1.0,862.0,1.0,862.0,855716.0,129.499,0.0,217.12
minisat,intervals753.cnf,benchmarks/intervals753.cnf,TIMEOUT,300.0,,True,False,,,,,,,,,
minisat,satcoin-genesis-UNSAT-11900.cnf,benchmarks/satcoin-genesis-UNSAT-11900.cnf,TIMEOUT,300.0,,True,False,,,,,,,,,
minisat,rand_net70-40-10.shuffled.cnf,benchmarks/rand_net70-40-10.shuffled.cnf,UNSAT,20.591901540756226,20.0,False,False,367904.0,829891.0,138416410.0,891.0,5600.0,16661.0,20.2631,15579872.0,95.86
minisat,satcoin-genesis-UNSAT-5920.cnf,benchmarks/satcoin-genesis-UNSAT-5920.cnf,TIMEOUT,300.0,,True,False,,,,,,,,,
minisat,PRP_30_35.cnf,benchmarks/PRP_30_35.cnf,SAT,82.94590353965759,10.0,False,False,1330380.0,18879983.0,500920103.0,2557.0,163418.0,970492.0,81.9876,27544574.0,415.04
minisat,intervals222.cnf,benchmarks/intervals222.cnf,TIMEOUT,300.0,,True,False,,,,,,,,,
minisat,intervals607.cnf,benchmarks/intervals607.cnf,TIMEOUT,300.0,,True,False,,,,,,,,,
minisat,REGRandom-K4-L4-Seed10.cnf,benchmarks/REGRandom-K4-L4-Seed10.cnf,TIMEOUT,300.0,,True,False,,,,,,,,,
minisat,grs-32-160.cnf,benchmarks/grs-32-160.cnf,TIMEOUT,300.0,,True,False,,,,,,,,,
minisat,ferry8_ks99i.renamed-as.sat05-4005.cnf,benchmarks/ferry8_ks99i.renamed-as.sat05-4005.cnf,SAT,0.2737631797790527,10.0,False,False,11788.0,32827.0,1647342.0,51.0,2547.0,32472.0,0.220712,152778.0,84.56
minisat,hash_table_find_safety_size_17.cnf,benchmarks/hash_table_find_safety_size_17.cnf,UNSAT,87.04971218109131,20.0,False,False,15628.0,1306118.0,390830220.0,62.0,9201517.0,36830887.0,84.4393,2130175.0,4767.11
minisat,PRP_40_40.cnf,benchmarks/PRP_40_40.cnf,SAT,282.41740918159485,10.0,False,False,3571248.0,52225695.0,1320412463.0,6142.0,249398.0,1484862.0,280.461,79572139.0,904.84
minisat,27_1.cnf,benchmarks/27_1.cnf,TIMEOUT,300.0,,True,False,,,,,,,,,
minisat,FileObject_open_13.cnf,benchmarks/FileObject_open_13.cnf,TIMEOUT,300.0,,True,False,,,,,,,,,
minisat,intervals122.cnf,benchmarks/intervals122.cnf,TIMEOUT,300.0,,True,False,,,,,,,,,
minisat,sgen1-unsat-97-100.cnf.mis-72.debugged.cnf,benchmarks/sgen1-unsat-97-100.cnf.mis-72.debugged.cnf,UNSAT,243.14744901657104,20.0,False,False,18667050.0,26289815.0,1476675111.0,28155.0,7009.0,13783.0,240.777,321505430.0,94.65
minisat,hash_table_find_safety_size_21.cnf,benchmarks/hash_table_find_safety_size_21.cnf,UNSAT,89.2285509109497,20.0,False,False,16398.0,1716869.0,439180423.0,63.0,12381374.0,49718653.0,86.2965,1560192.0,6585.46
minisat,ContextModel_output_8_4_9.bul.dimacs.cnf,benchmarks/ContextModel_output_8_4_9.bul.dimacs.cnf,TIMEOUT,300.0,,True,False,,,,,,,,,
minisat,mchess16-mixed-25percent-blocked.cnf,benchmarks/mchess16-mixed-25percent-blocked.cnf,TIMEOUT,300.0,,True,False,,,,,,,,,
minisat,brent_51_0.29.cnf,benchmarks/brent_51_0.29.cnf,TIMEOUT,300.0,,True,False,,,,,,,,,
minisat,cliquecoloring_n14_k9_c8.cnf,benchmarks/cliquecoloring_n14_k9_c8.cnf,TIMEOUT,300.0,,True,False,,,,,,,,,
minisat,SCPC-700-88.cnf,benchmarks/SCPC-700-88.cnf,TIMEOUT,300.0,,True,False,,,,,,,,,
minisat,ER_500_10_2.apx_1_DS-ST.cnf,benchmarks/ER_500_10_2.apx_1_DS-ST.cnf,TIMEOUT,300.0,,True,False,,,,,,,,,
minisat,cliquecoloring_n18_k7_c6.cnf,benchmarks/cliquecoloring_n18_k7_c6.cnf,TIMEOUT,300.0,,True,False,,,,,,,,,
minisat,baseballcover13with25_and3positions.cnf,benchmarks/baseballcover13with25_and3positions.cnf,TIMEOUT,300.0,,True,False,,,,,,,,,
minisat,brent_69_0.cnf,benchmarks/brent_69_0.cnf,TIMEOUT,300.0,,True,False,,,,,,,,,
minisat,pbl-00070.shuffled-as.sat05-1324.shuffled-as.sat05-1324.cnf,benchmarks/pbl-00070.shuffled-as.sat05-1324.shuffled-as.sat05-1324.cnf,UNSAT,0.1319265365600586,20.0,False,False,0.0,0.0,10.0,0.0,257.0,7374.0,0.06625,0.0,83.01
minisat,g2-slp-synthesis-aes-top29.cnf,benchmarks/g2-slp-synthesis-aes-top29.cnf,TIMEOUT,300.0,,True,False,,,,,,,,,
minisat,grs-96-96.cnf,benchmarks/grs-96-96.cnf,TIMEOUT,300.0,,True,False,,,,,,,,,
minisat,satcoin-genesis-UNSAT-18400.cnf,benchmarks/satcoin-genesis-UNSAT-18400.cnf,TIMEOUT,300.0,,True,False,,,,,,,,,
minisat,iso-ukn004.shuffled-as.sat05-3385.cnf,benchmarks/iso-ukn004.shuffled-as.sat05-3385.cnf,SAT,0.0751867294311523,10.0,False,False,269.0,655.0,14643.0,3.0,1889.0,10295.0,0.019646,2212.0,83.16
minisat,hash_table_find_safety_size_27.cnf,benchmarks/hash_table_find_safety_size_27.cnf,UNSAT,241.87574458122253,20.0,False,False,14045.0,1906047.0,868708919.0,61.0,17997155.0,72523297.0,236.214,1597758.0,9013.48
minisat,php15-mixed-15percent-blocked.cnf,benchmarks/php15-mixed-15percent-blocked.cnf,TIMEOUT,300.0,,True,False,,,,,,,,,
minisat,SC23_Timetable_C_476_E_50_Cl_32_D_6_T_50.cnf,benchmarks/SC23_Timetable_C_476_E_50_Cl_32_D_6_T_50.cnf,TIMEOUT,300.0,,True,False,,,,,,,,,
minisat,SC23_Timetable_C_482_E_50_Cl_33_D_6_T_50.cnf,benchmarks/SC23_Timetable_C_482_E_50_Cl_33_D_6_T_50.cnf,TIMEOUT,300.0,,True,False,,,,,,,,,
minisat,stb_792_333.apx_1_DS-ST.cnf,benchmarks/stb_792_333.apx_1_DS-ST.cnf,TIMEOUT,300.0,,True,False,,,,,,,,,
minisat,hash_table_find_safety_size_22.cnf,benchmarks/hash_table_find_safety_size_22.cnf,UNSAT,130.99538445472717,20.0,False,False,14109.0,1281371.0,393096944.0,61.0,13246826.0,53229976.0,126.735,1034248.0,6659.02
minisat,satcoin-genesis-UNSAT-19500.cnf,benchmarks/satcoin-genesis-UNSAT-19500.cnf,TIMEOUT,300.0,,True,False,,,,,,,,,
minisat,brent_51_0.07.cnf,benchmarks/brent_51_0.07.cnf,TIMEOUT,300.0,,True,False,,,,,,,,,
minisat,29_1.cnf,benchmarks/29_1.cnf,TIMEOUT,300.0,,True,False,,,,,,,,,
minisat,WS_400_24_70_10.apx_1_DC-ST.cnf,benchmarks/WS_400_24_70_10.apx_1_DC-ST.cnf,TIMEOUT,300.0,,True,False,,,,,,,,,
minisat,instance_n6_i6_pp_ci_ce.cnf,benchmarks/instance_n6_i6_pp_ci_ce.cnf,SAT,0.5266251564025879,10.0,False,False,14892.0,46189.0,3752343.0,62.0,7278.0,63935.0,0.486473,413628.0,87.79
minisat,PRP_30_41.cnf,benchmarks/PRP_30_41.cnf,SAT,146.14695477485657,10.0,False,False,1799112.0,26713307.0,641931040.0,3498.0,191450.0,1139488.0,144.543,36375862.0,449.05
minisat,grs-64-32.cnf,benchmarks/grs-64-32.cnf,UNSAT,156.69062042236328,20.0,False,False,2934286.0,6609422.0,1075395510.0,5118.0,56794.0,166198.0,155.154,80211904.0,179.99
minisat,grs-48-160.cnf,benchmarks/grs-48-160.cnf,TIMEOUT,300.0,,True,False,,,,,,,,,
minisat,SC23_Timetable_C_473_E_49_Cl_32_D_6_T_50.cnf,benchmarks/SC23_Timetable_C_473_E_49_Cl_32_D_6_T_50.cnf,SAT,108.04367113113403,10.0,False,False,486547.0,20474985.0,222312634.0,1023.0,250975.0,815307.0,106.808,75615143.0,551.68
minisat,asconhashv12_opt64_H4_M2-LOD9_m0_2_U19.c.cnf,benchmarks/asconhashv12_opt64_H4_M2-LOD9_m0_2_U19.c.cnf,UNSAT,128.19460773468018,20.0,False,False,266118.0,1055334.0,700961299.0,637.0,126995.0,296493.0,126.908,19050013.0,253.81
minisat,ER_500_10_5.apx_2_DC-ST.cnf,benchmarks/ER_500_10_5.apx_2_DC-ST.cnf,TIMEOUT,300.0,,True,False,,,,,,,,,
minisat,qwh.40.560.shuffled-as.sat03-1654.cnf,benchmarks/qwh.40.560.shuffled-as.sat03-1654.cnf,SAT,18.402591943740845,10.0,False,False,223042.0,706881.0,79470825.0,511.0,3100.0,26345.0,18.1643,33099390.0,140.83
minisat,php17-mixed-15percent-blocked.cnf,benchmarks/php17-mixed-15percent-blocked.cnf,TIMEOUT,300.0,,True,False,,,,,,,,,
minisat,satcoin-genesis-UNSAT-9880.cnf,benchmarks/satcoin-genesis-UNSAT-9880.cnf,TIMEOUT,300.0,,True,False,,,,,,,,,
minisat,spg_200_307.cnf,benchmarks/spg_200_307.cnf,TIMEOUT,300.0,,True,False,,,,,,,,,
minisat,6s165.cnf,benchmarks/6s165.cnf,TIMEOUT,300.0,,True,False,,,,,,,,,
minisat,28_2.cnf,benchmarks/28_2.cnf,TIMEOUT,300.0,,True,False,,,,,,,,,
minisat,tseitin_d3_n110000.cnf,benchmarks/tseitin_d3_n110000.cnf,TIMEOUT,300.0,,True,False,,,,,,,,,
minisat,DivS_568_11.cnf.sanitized.cnf,benchmarks/DivS_568_11.cnf.sanitized.cnf,SAT,61.306501388549805,10.0,False,False,0.0,1.0,568.0,1.0,568.0,553495.0,60.5703,0.0,167.86
minisat,ER_400_20_4.apx_1_DC-ST.cnf,benchmarks/ER_400_20_4.apx_1_DC-ST.cnf,TIMEOUT,300.0,,True,False,,,,,,,,,
minisat,hash_table_find_safety_size_26.cnf,benchmarks/hash_table_find_safety_size_26.cnf,UNSAT,149.38092398643494,20.0,False,False,15389.0,1543080.0,605638862.0,62.0,16990686.0,68433090.0,145.446,1940327.0,8314.8
minisat,posixpath__joinrealpath_13.cnf,benchmarks/posixpath__joinrealpath_13.cnf,TIMEOUT,300.0,,True,False,,,,,,,,,
minisat,Urquhart-s3-b3.shuffled-as.sat03-1556.cnf,benchmarks/Urquhart-s3-b3.shuffled-as.sat03-1556.cnf,UNSAT,16.100624799728394,20.0,False,False,7767636.0,11849327.0,47380361.0,12286.0,45.0,376.0,15.9979,102246015.0,82.2
minisat,SC23_Timetable_C_473_E_46_Cl_32_D_6_T_50.cnf,benchmarks/SC23_Timetable_C_473_E_46_Cl_32_D_6_T_50.cnf,TIMEOUT,300.0,,True,False,,,,,,,,,
minisat,satcoin-genesis-UNSAT-9080.cnf,benchmarks/satcoin-genesis-UNSAT-9080.cnf,TIMEOUT,300.0,,True,False,,,,,,,,,
minisat,REGRandom-K3-L3-Seed10.cnf,benchmarks/REGRandom-K3-L3-Seed10.cnf,UNSAT,117.25936365127563,20.0,False,False,3773868.0,16772876.0,67478116.0,6650.0,4608.0,474496.0,115.533,502713638.0,1106.2
minisat,square.2.0.i.smt2-cvc4.cnf,benchmarks/square.2.0.i.smt2-cvc4.cnf,UNSAT,1.480851411819458,20.0,False,False,12613.0,41257.0,16954516.0,55.0,42387.0,183641.0,1.42237,333514.0,107.08
minisat,Schur_160_5_d34.cnf,benchmarks/Schur_160_5_d34.cnf,TIMEOUT,300.0,,True,False,,,,,,,,,
minisat,6g_6color_366_050_04.cnf,benchmarks/6g_6color_366_050_04.cnf,TIMEOUT,300.0,,True,False,,,,,,,,,
minisat,brent_51_0.17.cnf,benchmarks/brent_51_0.17.cnf,TIMEOUT,300.0,,True,False,,,,,,,,,
minisat,c499_gr_2pin_w6.shuffled.cnf,benchmarks/c499_gr_2pin_w6.shuffled.cnf,SAT,0.1794395446777343,10.0,False,False,6910.0,107111.0,693299.0,31.0,2070.0,22470.0,0.142042,61087.0,84.86
minisat,TableModel_output_8_4_7.bul_.dimacs.cnf,benchmarks/TableModel_output_8_4_7.bul_.dimacs.cnf,TIMEOUT,300.0,,True,False,,,,,,,,,
minisat,hash_table_find_safety_size_10.cnf,benchmarks/hash_table_find_safety_size_10.cnf,UNSAT,29.448729515075684,20.0,False,False,7150.0,498286.0,119644776.0,31.0,4722359.0,18734004.0,27.94,862925.0,2423.91
minisat,tseitin_d3_n200.cnf,benchmarks/tseitin_d3_n200.cnf,TIMEOUT,300.0,,True,False,,,,,,,,,
minisat,tph8.cnf,benchmarks/tph8.cnf,TIMEOUT,300.0,,True,False,,,,,,,,,
minisat,brent_63_0.cnf,benchmarks/brent_63_0.cnf,TIMEOUT,300.0,,True,False,,,,,,,,,
minisat,intervals633.cnf,benchmarks/intervals633.cnf,TIMEOUT,300.0,,True,False,,,,,,,,,
minisat,SC23_Timetable_C_484_E_50_Cl_33_D_6_T_50.cnf,benchmarks/SC23_Timetable_C_484_E_50_Cl_33_D_6_T_50.cnf,TIMEOUT,300.0,,True,False,,,,,,,,,
minisat,satcoin-genesis-UNSAT-18600.cnf,benchmarks/satcoin-genesis-UNSAT-18600.cnf,TIMEOUT,300.0,,True,False,,,,,,,,,
minisat,brent_63_0.2.cnf,benchmarks/brent_63_0.2.cnf,TIMEOUT,300.0,,True,False,,,,,,,,,
minisat,stb_531_83.apx_2_DC-AD.cnf,benchmarks/stb_531_83.apx_2_DC-AD.cnf,TIMEOUT,300.0,,True,False,,,,,,,,,
minisat,satch2ways16w.cnf,benchmarks/satch2ways16w.cnf,TIMEOUT,300.0,,True,False,,,,,,,,,
minisat,g2-T99.2.0.cnf,benchmarks/g2-T99.2.0.cnf,UNSAT,28.95428490638733,20.0,False,False,96.0,1332.0,70761.0,1.0,3467274.0,12115112.0,27.7846,382.0,2064.16
minisat,SCPC-800-42.cnf,benchmarks/SCPC-800-42.cnf,TIMEOUT,300.0,,True,False,,,,,,,,,
minisat,mod2c-rand3bip-sat-250-2.shuffled-as.sat05-2534.cnf,benchmarks/mod2c-rand3bip-sat-250-2.shuffled-as.sat05-2534.cnf,TIMEOUT,300.0,,True,False,,,,,,,,,
minisat,SCPC-800-50.cnf,benchmarks/SCPC-800-50.cnf,TIMEOUT,300.0,,True,False,,,,,,,,,
minisat,rphp_p8_r250.cnf,benchmarks/rphp_p8_r250.cnf,TIMEOUT,300.0,,True,False,,,,,,,,,
minisat,grs-128-64.cnf,benchmarks/grs-128-64.cnf,TIMEOUT,300.0,,True,False,,,,,,,,,
minisat,tseitin_grid_n260_m260.cnf,benchmarks/tseitin_grid_n260_m260.cnf,TIMEOUT,300.0,,True,False,,,,,,,,,
minisat,23_2.cnf,benchmarks/23_2.cnf,TIMEOUT,300.0,,True,False,,,,,,,,,
minisat,hash_table_find_safety_size_25.cnf,benchmarks/hash_table_find_safety_size_25.cnf,UNSAT,169.3910472393036,20.0,False,False,13912.0,1772224.0,609905588.0,61.0,16012436.0,64458705.0,165.055,2210065.0,8033.8
minisat,crafted_n12_d6_c4_num4.cnf,benchmarks/crafted_n12_d6_c4_num4.cnf,TIMEOUT,300.0,,True,False,,,,,,,,,
minisat,grs-192-48.cnf,benchmarks/grs-192-48.cnf,TIMEOUT,300.0,,True,False,,,,,,,,,
minisat,mchess20-mixed-25percent-blocked.cnf,benchmarks/mchess20-mixed-25percent-blocked.cnf,TIMEOUT,300.0,,True,False,,,,,,,,,
minisat,20_2.cnf,benchmarks/20_2.cnf,TIMEOUT,300.0,,True,False,,,,,,,,,
minisat,asconhashv12_opt64_H9_M2-LSGb5PgEM_m2_7.c.cnf,benchmarks/asconhashv12_opt64_H9_M2-LSGb5PgEM_m2_7.c.cnf,SAT,194.05083847045896,10.0,False,False,211370.0,942672.0,878428365.0,511.0,158664.0,372443.0,192.356,15551893.0,211.62
minisat,mchess22-mixed-35percent-blocked.cnf,benchmarks/mchess22-mixed-35percent-blocked.cnf,TIMEOUT,300.0,,True,False,,,,,,,,,
minisat,multiplier_14bits__miter_14.cnf,benchmarks/multiplier_14bits__miter_14.cnf,TIMEOUT,300.0,,True,False,,,,,,,,,
minisat,PRP_20_40.cnf,benchmarks/PRP_20_40.cnf,SAT,61.21054482460022,10.0,False,False,859077.0,10009905.0,282804348.0,1848.0,123918.0,738682.0,60.4416,15477005.0,247.79
minisat,velev-pipe-o-uns-1.0-7.cnf,benchmarks/velev-pipe-o-uns-1.0-7.cnf,TIMEOUT,300.0,,True,False,,,,,,,,,
minisat,PRP_30_39.cnf,benchmarks/PRP_30_39.cnf,SAT,167.70347547531128,10.0,False,False,1839503.0,27183744.0,651378192.0,3580.0,182106.0,1083336.0,166.15,38333811.0,446.0
minisat,ibm-2004-03-k70.cnf,benchmarks/ibm-2004-03-k70.cnf,SAT,2.9308862686157227,10.0,False,False,54586.0,168286.0,19854678.0,169.0,69839.0,275980.0,2.78198,1160338.0,116.95
minisat,asconhashv12_opt64_H13_M2-axxJh7DAq767y_m4_5.c.cnf,benchmarks/asconhashv12_opt64_H13_M2-axxJh7DAq767y_m4_5.c.cnf,SAT,91.98689031600952,10.0,False,False,418103.0,1819977.0,225614027.0,1020.0,158745.0,372495.0,90.8091,44121354.0,352.12
minisat,intervals553.cnf,benchmarks/intervals553.cnf,TIMEOUT,300.0,,True,False,,,,,,,,,
minisat,PRP_30_37.cnf,benchmarks/PRP_30_37.cnf,SAT,131.74214148521423,10.0,False,False,1580632.0,23491001.0,571352413.0,3069.0,172792.0,1027604.0,130.251,30679778.0,430.08
minisat,shuffling-1-s1870372346-of-bench-sat04-423.used-as.sat04-562.cnf,benchmarks/shuffling-1-s1870372346-of-bench-sat04-423.used-as.sat04-562.cnf,TIMEOUT,300.0,,True,False,,,,,,,,,
minisat,PRP_30_40.cnf,benchmarks/PRP_30_40.cnf,SAT,118.25797748565674,10.0,False,False,1460518.0,21734339.0,522009964.0,2813.0,186658.0,1111772.0,116.906,28284643.0,435.55
minisat,TableModel_output_6_4_6.bul_.dimacs.cnf,benchmarks/TableModel_output_6_4_6.bul_.dimacs.cnf,TIMEOUT,300.0,,True,False,,,,,,,,,
minisat,PRP_100_600.cnf,benchmarks/PRP_100_600.cnf,TIMEOUT,300.0,,True,False,,,,,,,,,
minisat,mchess16-mixed-35percent-blocked.cnf,benchmarks/mchess16-mixed-35percent-blocked.cnf,TIMEOUT,300.0,,True,False,,,,,,,,,
minisat,24_0.cnf,benchmarks/24_0.cnf,TIMEOUT,300.0,,True,False,,,,,,,,,
minisat,WS_500_16_70_10.apx_2_DC-ST.cnf,benchmarks/WS_500_16_70_10.apx_2_DC-ST.cnf,TIMEOUT,300.0,,True,False,,,,,,,,,
minisat,SCPC-700-86.cnf,benchmarks/SCPC-700-86.cnf,TIMEOUT,300.0,,True,False,,,,,,,,,
minisat,brent_71_0.25.cnf,benchmarks/brent_71_0.25.cnf,TIMEOUT,300.0,,True,False,,,,,,,,,
minisat,satcoin-genesis-UNSAT-7200.cnf,benchmarks/satcoin-genesis-UNSAT-7200.cnf,TIMEOUT,300.0,,True,False,,,,,,,,,
minisat,SC23_Timetable_C_473_E_45_Cl_32_D_6_T_50.cnf,benchmarks/SC23_Timetable_C_473_E_45_Cl_32_D_6_T_50.cnf,TIMEOUT,300.0,,True,False,,,,,,,,,
minisat,SCPC-800-46.cnf,benchmarks/SCPC-800-46.cnf,TIMEOUT,300.0,,True,False,,,,,,,,,
minisat,brent_69_0.05.cnf,benchmarks/brent_69_0.05.cnf,TIMEOUT,300.0,,True,False,,,,,,,,,
minisat,mchess22-mixed-25percent-blocked.cnf,benchmarks/mchess22-mixed-25percent-blocked.cnf,TIMEOUT,300.0,,True,False,,,,,,,,,
minisat,tseitingrid7x160_shuffled-sc2016.cnf,benchmarks/tseitingrid7x160_shuffled-sc2016.cnf,TIMEOUT,300.0,,True,False,,,,,,,,,
minisat,rphp_p20_r20.cnf,benchmarks/rphp_p20_r20.cnf,TIMEOUT,300.0,,True,False,,,,,,,,,
minisat,php-010-009.shuffled-as.sat05-1185.cnf,benchmarks/php-010-009.shuffled-as.sat05-1185.cnf,UNSAT,2.6947450637817383,20.0,False,False,470096.0,569313.0,6139619.0,1023.0,90.0,415.0,2.66524,12917311.0,82.2
minisat,mchess20-mixed-35percent-blocked.cnf,benchmarks/mchess20-mixed-35percent-blocked.cnf,TIMEOUT,300.0,,True,False,,,,,,,,,
minisat,hash_table_find_safety_size_19.cnf,benchmarks/hash_table_find_safety_size_19.cnf,UNSAT,67.93527364730835,20.0,False,False,14059.0,1330865.0,363659529.0,61.0,10735052.0,43043255.0,65.8488,1696133.0,5444.96
minisat,sat-bench-trig-taylor2.cnf,benchmarks/sat-bench-trig-taylor2.cnf,TIMEOUT,300.0,,True,False,,,,,,,,,
minisat,asconhashv12_opt64_H13_M2-NBRdIKEb8MS2W_m3_5.c.cnf,benchmarks/asconhashv12_opt64_H13_M2-NBRdIKEb8MS2W_m3_5.c.cnf,SAT,105.47660732269289,10.0,False,False,116011.0,546943.0,674981865.0,315.0,158736.0,372445.0,104.12,5908086.0,158.7
minisat,WS_500_32_50_10.apx_2_DC-AD.cnf,benchmarks/WS_500_32_50_10.apx_2_DC-AD.cnf,TIMEOUT,300.0,,True,False,,,,,,,,,
minisat,T87.2.0.cnf,benchmarks/T87.2.0.cnf,UNSAT,243.4559154510498,20.0,False,False,336092.0,1701998.0,1422444291.0,781.0,3165161.0,10917078.0,240.846,16583237.0,1954.75
minisat,grid-pbl-0150.shuffled-as.sat05-1347.shuffled-as.sat05-1347.cnf,benchmarks/grid-pbl-0150.shuffled-as.sat05-1347.shuffled-as.sat05-1347.cnf,UNSAT,106.15075826644896,20.0,False,False,0.0,0.0,4.0,0.0,22650.0,44850.0,0.081347,0.0,89.51
minisat,hash_table_find_safety_size_15.cnf,benchmarks/hash_table_find_safety_size_15.cnf,UNSAT,58.2506217956543,20.0,False,False,8886.0,832311.0,223959343.0,38.0,7780787.0,31081601.0,56.0572,1074288.0,4040.28
minisat,spg_420_280.cnf,benchmarks/spg_420_280.cnf,TIMEOUT,300.0,,True,False,,,,,,,,,
minisat,SCPC-700-81.cnf,benchmarks/SCPC-700-81.cnf,TIMEOUT,300.0,,True,False,,,,,,,,,
minisat,posixpath_expanduser_14.cnf,benchmarks/posixpath_expanduser_14.cnf,TIMEOUT,300.0,,True,False,,,,,,,,,
minisat,intervals7.cnf,benchmarks/intervals7.cnf,TIMEOUT,300.0,,True,False,,,,,,,,,
minisat,vmpc_24.cnf,benchmarks/vmpc_24.cnf,SAT,9.81125283241272,10.0,False,False,200528.0,357130.0,20991167.0,510.0,576.0,67872.0,9.66647,4583231.0,103.38
minisat,or_randxor_k3_n640_m640.cnf,benchmarks/or_randxor_k3_n640_m640.cnf,TIMEOUT,300.0,,True,False,,,,,,,,,
minisat,grid_10_20.shuffled.cnf,benchmarks/grid_10_20.shuffled.cnf,UNSAT,0.0209534168243408,20.0,False,False,0.0,0.0,2.0,0.0,398.0,741.0,0.002589,0.0,82.32
minisat,intervals244.cnf,benchmarks/intervals244.cnf,TIMEOUT,300.0,,True,False,,,,,,,,,
minisat,DecompressReader_read_12.cnf,benchmarks/DecompressReader_read_12.cnf,TIMEOUT,300.0,,True,False,,,,,,,,,
minisat,WCNFPlus_from_fp_13.cnf,benchmarks/WCNFPlus_from_fp_13.cnf,TIMEOUT,300.0,,True,False,,,,,,,,,
minisat,mchess22-mixed-45percent-blocked.cnf,benchmarks/mchess22-mixed-45percent-blocked.cnf,TIMEOUT,300.0,,True,False,,,,,,,,,
minisat,intervals467.cnf,benchmarks/intervals467.cnf,TIMEOUT,300.0,,True,False,,,,,,,,,
minisat,shuffling-2-s1480152728-of-bench-sat04-434.used-as.sat04-711.cnf,benchmarks/shuffling-2-s1480152728-of-bench-sat04-434.used-as.sat04-711.cnf,UNSAT,29.76050615310669,20.0,False,False,19793.0,139192.0,76556296.0,68.0,505536.0,1595120.0,25.943,2114084.0,341.6
minisat,PRP_30_38.cnf,benchmarks/PRP_30_38.cnf,SAT,148.66979265213013,10.0,False,False,1869842.0,24199940.0,647588904.0,3581.0,177404.0,1055410.0,146.827,41043461.0,446.79
minisat,hash_table_find_safety_size_18.cnf,benchmarks/hash_table_find_safety_size_18.cnf,UNSAT,97.02315378189088,20.0,False,False,15546.0,1635117.0,411331609.0,62.0,9954175.0,39879160.0,94.4315,1668091.0,4887.79
minisat,mchess16-mixed-45percent-blocked.cnf,benchmarks/mchess16-mixed-45percent-blocked.cnf,TIMEOUT,300.0,,True,False,,,,,,,,,
minisat,cliquecoloring_n12_k9_c8.cnf,benchmarks/cliquecoloring_n12_k9_c8.cnf,TIMEOUT,300.0,,True,False,,,,,,,,,
minisat,TableSymModel_output_8_4_7.bul_.dimacs.cnf,benchmarks/TableSymModel_output_8_4_7.bul_.dimacs.cnf,TIMEOUT,300.0,,True,False,,,,,,,,,
minisat,jkkk-one-one-11-32-unsat.cnf,benchmarks/jkkk-one-one-11-32-unsat.cnf,UNSAT,169.6430149078369,20.0,False,False,1079871.0,2129250.0,305575839.0,2047.0,6401.0,45326.0,168.002,161166874.0,205.8
minisat,connm-ue-csp-sat-n600-d-0.02-s1022905465.used-as.sat04-951.cnf,benchmarks/connm-ue-csp-sat-n600-d-0.02-s1022905465.used-as.sat04-951.cnf,SAT,0.1530046463012695,10.0,False,False,6028.0,8057.0,494913.0,30.0,556.0,6427.0,0.110233,132780.0,82.96
minisat,rphp_p30_r30.cnf,benchmarks/rphp_p30_r30.cnf,TIMEOUT,300.0,,True,False,,,,,,,,,
minisat,GzipFile_close_11.cnf,benchmarks/GzipFile_close_11.cnf,TIMEOUT,300.0,,True,False,,,,,,,,,
minisat,PRP_100_300.cnf,benchmarks/PRP_100_300.cnf,TIMEOUT,300.0,,True,False,,,,,,,,,
minisat,PRP_20_50.cnf,benchmarks/PRP_20_50.cnf,SAT,76.78390574455261,10.0,False,False,1343555.0,16204890.0,440188293.0,2558.0,155138.0,926202.0,76.1339,29294311.0,413.61
minisat,brent_13_0.1.cnf,benchmarks/brent_13_0.1.cnf,TIMEOUT,300.0,,True,False,,,,,,,,,
minisat,or_randxor_k3_n600_m600.cnf,benchmarks/or_randxor_k3_n600_m600.cnf,TIMEOUT,300.0,,True,False,,,,,,,,,
minisat,WCNF_from_fp_14.cnf,benchmarks/WCNF_from_fp_14.cnf,TIMEOUT,300.0,,True,False,,,,,,,,,
minisat,aes_decry_2_rounds.debugged.cnf,benchmarks/aes_decry_2_rounds.debugged.cnf,TIMEOUT,300.0,,True,False,,,,,,,,,
minisat,tseitin_d3_n10000.cnf,benchmarks/tseitin_d3_n10000.cnf,TIMEOUT,300.0,,True,False,,,,,,,,,
minisat,mrpp_8x8#22_10.cnf,benchmarks/mrpp_8x8#22_10.cnf,UNSAT,0.2036390304565429,20.0,False,False,7795.0,45086.0,466897.0,31.0,8918.0,71958.0,0.14428,61450.0,90.49
minisat,brent_15_0.25.cnf,benchmarks/brent_15_0.25.cnf,TIMEOUT,300.0,,True,False,,,,,,,,,
minisat,PRP_100_150.cnf,benchmarks/PRP_100_150.cnf,TIMEOUT,300.0,,True,False,,,,,,,,,
minisat,SCPC-800-40.cnf,benchmarks/SCPC-800-40.cnf,TIMEOUT,300.0,,True,False,,,,,,,,,
minisat,asconhashv12_opt64_H8_M2-bL4cM6NJ_m4_5_U14.c.cnf,benchmarks/asconhashv12_opt64_H8_M2-bL4cM6NJ_m4_5_U14.c.cnf,TIMEOUT,300.0,,True,False,,,,,,,,,
minisat,rbsat-v1150c84314gyes10.cnf,benchmarks/rbsat-v1150c84314gyes10.cnf,TIMEOUT,300.0,,True,False,,,,,,,,,
minisat,grs-96-192.cnf,benchmarks/grs-96-192.cnf,TIMEOUT,300.0,,True,False,,,,,,,,,
minisat,21_1.cnf,benchmarks/21_1.cnf,TIMEOUT,300.0,,True,False,,,,,,,,,
minisat,rovers1_ks99i.renamed-as.sat05-3971.cnf,benchmarks/rovers1_ks99i.renamed-as.sat05-3971.cnf,SAT,0.0154109001159667,10.0,False,False,7.0,37.0,301.0,1.0,439.0,5389.0,0.007628,63.0,82.46
minisat,grs-192-160.cnf,benchmarks/grs-192-160.cnf,TIMEOUT,300.0,,True,False,,,,,,,,,
minisat,minxor128.cnf,benchmarks/minxor128.cnf,UNSAT,241.5584156513214,20.0,False,False,2367352.0,12696978.0,571114177.0,4095.0,54258.0,160467.0,239.464,530752126.0,563.54
minisat,Grain_no_init_ver1_out200_known_last105_0_u.cnf,benchmarks/Grain_no_init_ver1_out200_known_last105_0_u.cnf,TIMEOUT,300.0,,True,False,,,,,,,,,
minisat,asconhashv12_opt64_H10_M2-BPHqhzNzqi_m5_6_U14.c.cnf,benchmarks/asconhashv12_opt64_H10_M2-BPHqhzNzqi_m5_6_U14.c.cnf,UNSAT,286.91707396507263,20.0,False,False,138215.0,449292.0,1435197547.0,381.0,158783.0,372829.0,283.935,4697844.0,190.52
minisat,intervals803.cnf,benchmarks/intervals803.cnf,TIMEOUT,300.0,,True,False,,,,,,,,,
minisat,WS_400_24_90_10.apx_2_DC-AD.cnf,benchmarks/WS_400_24_90_10.apx_2_DC-AD.cnf,TIMEOUT,300.0,,True,False,,,,,,,,,
minisat,SC23_Timetable_C_490_E_50_Cl_33_D_6_T_50.cnf,benchmarks/SC23_Timetable_C_490_E_50_Cl_33_D_6_T_50.cnf,TIMEOUT,300.0,,True,False,,,,,,,,,
minisat,TableSymModel_output_6_3_8.bul_.dimacs.cnf,benchmarks/TableSymModel_output_6_3_8.bul_.dimacs.cnf,TIMEOUT,300.0,,True,False,,,,,,,,,
minisat,sat-bench-trig-taylor6.cnf,benchmarks/sat-bench-trig-taylor6.cnf,TIMEOUT,300.0,,True,False,,,,,,,,,
minisat,9vliw_bp_mc.shuffled.cnf,benchmarks/9vliw_bp_mc.shuffled.cnf,UNSAT,8.58821177482605,20.0,False,False,192658.0,1376416.0,46327309.0,510.0,20093.0,179481.0,8.41433,6692008.0,131.02
minisat,SCPC-900-31.cnf,benchmarks/SCPC-900-31.cnf,TIMEOUT,300.0,,True,False,,,,,,,,,
minisat,SC23_Timetable_C_477_E_50_Cl_32_D_6_T_50.cnf,benchmarks/SC23_Timetable_C_477_E_50_Cl_32_D_6_T_50.cnf,TIMEOUT,300.0,,True,False,,,,,,,,,
minisat,grs-160-64.cnf,benchmarks/grs-160-64.cnf,TIMEOUT,300.0,,True,False,,,,,,,,,
minisat,CNF_to_alien_11.cnf,benchmarks/CNF_to_alien_11.cnf,TIMEOUT,300.0,,True,False,,,,,,,,,
minisat,asconhashv12_opt64_H5_M2-A8qZX_m0_3_U23.c.cnf,benchmarks/asconhashv12_opt64_H5_M2-A8qZX_m0_3_U23.c.cnf,UNSAT,133.27450942993164,20.0,False,False,394326.0,1570680.0,698284673.0,956.0,126959.0,296289.0,132.28,32087083.0,340.55
minisat,REGRandom-K4-L2-Seed20.cnf,benchmarks/REGRandom-K4-L2-Seed20.cnf,TIMEOUT,300.0,,True,False,,,,,,,,,
minisat,intervals855.cnf,benchmarks/intervals855.cnf,TIMEOUT,300.0,,True,False,,,,,,,,,
minisat,SCPC-900-29.cnf,benchmarks/SCPC-900-29.cnf,TIMEOUT,300.0,,True,False,,,,,,,,,
minisat,asconhashv12_opt64_H7_M2-K1zfAs8_m0_3_U5.c.cnf,benchmarks/asconhashv12_opt64_H7_M2-K1zfAs8_m0_3_U5.c.cnf,UNSAT,166.62368893623352,20.0,False,False,449586.0,1875052.0,807439893.0,1022.0,126976.0,296239.0,164.795,42251636.0,344.17
minisat,SC23_Timetable_C_488_E_50_Cl_33_D_6_T_50.cnf,benchmarks/SC23_Timetable_C_488_E_50_Cl_33_D_6_T_50.cnf,TIMEOUT,300.0,,True,False,,,,,,,,,
minisat,multiplier_15bits__miter_20.cnf,benchmarks/multiplier_15bits__miter_20.cnf,TIMEOUT,300.0,,True,False,,,,,,,,,
minisat,6s20-sc2013.cnf,benchmarks/6s20-sc2013.cnf,TIMEOUT,300.0,,True,False,,,,,,,,,
minisat,collections_namedtuple_15.cnf,benchmarks/collections_namedtuple_15.cnf,TIMEOUT,300.0,,True,False,,,,,,,,,
minisat,WS_400_24_70_10.apx_2_DC-AD.cnf,benchmarks/WS_400_24_70_10.apx_2_DC-AD.cnf,TIMEOUT,300.0,,True,False,,,,,,,,,
minisat,tseitin_d3_n160.cnf,benchmarks/tseitin_d3_n160.cnf,TIMEOUT,300.0,,True,False,,,,,,,,,
minisat,PRP_100_450.cnf,benchmarks/PRP_100_450.cnf,TIMEOUT,300.0,,True,False,,,,,,,,,
minisat,patat-08-comp-3.cnf,benchmarks/patat-08-comp-3.cnf,SAT,5.95765233039856,10.0,False,False,93886.0,820622.0,23583981.0,255.0,78774.0,1616620.0,5.76218,3735686.0,234.92
minisat,mchess18-mixed-35percent-blocked.cnf,benchmarks/mchess18-mixed-35percent-blocked.cnf,TIMEOUT,300.0,,True,False,,,,,,,,,
minisat,g2-T49.2.0.cnf,benchmarks/g2-T49.2.0.cnf,TIMEOUT,300.0,,True,False,,,,,,,,,
minisat,17_0.cnf,benchmarks/17_0.cnf,TIMEOUT,300.0,,True,False,,,,,,,,,
minisat,brent_9_0.cnf,benchmarks/brent_9_0.cnf,TIMEOUT,300.0,,True,False,,,,,,,,,
minisat,brent_63_0.15.cnf,benchmarks/brent_63_0.15.cnf,TIMEOUT,300.0,,True,False,,,,,,,,,
minisat,ncc_none_7047_6_3_3_0_0_420.cnf,benchmarks/ncc_none_7047_6_3_3_0_0_420.cnf,TIMEOUT,300.0,,True,False,,,,,,,,,
minisat,mrpp_6x6#18_20.cnf,benchmarks/mrpp_6x6#18_20.cnf,TIMEOUT,300.0,,True,False,,,,,,,,,
minisat,unsat-set-b-fclqcolor-10-07-09.sat05-1282.reshuffled-07.cnf,benchmarks/unsat-set-b-fclqcolor-10-07-09.sat05-1282.reshuffled-07.cnf,TIMEOUT,300.0,,True,False,,,,,,,,,
minisat,grs-192-256.cnf,benchmarks/grs-192-256.cnf,TIMEOUT,300.0,,True,False,,,,,,,,,
minisat,46bits_11.dimacs.cnf,benchmarks/46bits_11.dimacs.cnf,SAT,294.24166798591614,10.0,False,False,4802931.0,5583775.0,458201961.0,8190.0,689.0,16922.0,292.067,116985470.0,106.65
minisat,19_2.cnf,benchmarks/19_2.cnf,TIMEOUT,300.0,,True,False,,,,,,,,,
minisat,SCPC-1000-20.cnf,benchmarks/SCPC-1000-20.cnf,TIMEOUT,300.0,,True,False,,,,,,,,,
minisat,grs-32-256.cnf,benchmarks/grs-32-256.cnf,TIMEOUT,300.0,,True,False,,,,,,,,,
minisat,PRP_100_550.cnf,benchmarks/PRP_100_550.cnf,TIMEOUT,300.0,,True,False,,,,,,,,,
minisat,hash_table_find_safety_size_30.cnf,benchmarks/hash_table_find_safety_size_30.cnf,TIMEOUT,300.0,,True,False,,,,,,,,,
minisat,C208_FA_UT_3254.cnf,benchmarks/C208_FA_UT_3254.cnf,UNSAT,0.0616121292114257,20.0,False,False,0.0,0.0,1219.0,0.0,1805.0,6135.0,0.012957,0.0,82.87
minisat,oisc-subrv-and-nested-14.cnf,benchmarks/oisc-subrv-and-nested-14.cnf,TIMEOUT,300.0,,True,False,,,,,,,,,
minisat,DivU_1520_10.cnf.sanitized.cnf,benchmarks/DivU_1520_10.cnf.sanitized.cnf,UNSAT,41.81842732429504,20.0,False,False,0.0,0.0,331.0,0.0,1520.0,766890.0,41.3095,0.0,205.9
minisat,tseitin_grid_n100_m100.cnf,benchmarks/tseitin_grid_n100_m100.cnf,TIMEOUT,300.0,,True,False,,,,,,,,,
minisat,SC23_Timetable_C_481_E_49_Cl_32_D_6_T_50.cnf,benchmarks/SC23_Timetable_C_481_E_49_Cl_32_D_6_T_50.cnf,TIMEOUT,300.0,,True,False,,,,,,,,,
minisat,WS_400_24_70_10.apx_2_DC-ST.cnf,benchmarks/WS_400_24_70_10.apx_2_DC-ST.cnf,TIMEOUT,300.0,,True,False,,,,,,,,,
minisat,SC23_Timetable_C_481_E_50_Cl_32_D_6_T_50.cnf,benchmarks/SC23_Timetable_C_481_E_50_Cl_32_D_6_T_50.cnf,TIMEOUT,300.0,,True,False,,,,,,,,,
minisat,mchess18-mixed-45percent-blocked.cnf,benchmarks/mchess18-mixed-45percent-blocked.cnf,TIMEOUT,300.0,,True,False,,,,,,,,,
minisat,clqcolor-08-06-07.shuffled-as.sat05-1257.cnf,benchmarks/clqcolor-08-06-07.shuffled-as.sat05-1257.cnf,UNSAT,5.699706315994263,20.0,False,False,1032794.0,1454772.0,14827199.0,2047.0,132.0,1527.0,5.64641,18661393.0,82.33
minisat,WCNFPlus_to_alien_14.cnf,benchmarks/WCNFPlus_to_alien_14.cnf,TIMEOUT,300.0,,True,False,,,,,,,,,
minisat,TableModel_output_8_3_10.bul_.dimacs.cnf,benchmarks/TableModel_output_8_3_10.bul_.dimacs.cnf,TIMEOUT,300.0,,True,False,,,,,,,,,
minisat,rbsat-v760c43649gyes5.cnf,benchmarks/rbsat-v760c43649gyes5.cnf,SAT,4.450805902481079,10.0,False,False,86276.0,134184.0,7943296.0,254.0,760.0,43649.0,4.35658,3898128.0,104.33
minisat,mchess20-mixed-45percent-blocked.cnf,benchmarks/mchess20-mixed-45percent-blocked.cnf,TIMEOUT,300.0,,True,False,,,,,,,,,
minisat,BZ2File_write_11.cnf,benchmarks/BZ2File_write_11.cnf,TIMEOUT,300.0,,True,False,,,,,,,,,
minisat,TableSymModel_output_8_4_8.bul_.dimacs.cnf,benchmarks/TableSymModel_output_8_4_8.bul_.dimacs.cnf,TIMEOUT,300.0,,True,False,,,,,,,,,
minisat,TableSymModel_output_6_5_6.bul_.dimacs.cnf,benchmarks/TableSymModel_output_6_5_6.bul_.dimacs.cnf,TIMEOUT,300.0,,True,False,,,,,,,,,
minisat,SCPC-800-43.cnf,benchmarks/SCPC-800-43.cnf,TIMEOUT,300.0,,True,False,,,,,,,,,
minisat,16_1.cnf,benchmarks/16_1.cnf,TIMEOUT,300.0,,True,False,,,,,,,,,
minisat,asconhashv12_opt64_H8_M2-I61h2mH5_m2_6.c.cnf,benchmarks/asconhashv12_opt64_H8_M2-I61h2mH5_m2_6.c.cnf,SAT,72.10904622077942,10.0,False,False,120771.0,492384.0,341551539.0,318.0,158739.0,373026.0,71.3868,8799844.0,177.65
minisat,WS_400_24_90_10.apx_1_DS-ST.cnf,benchmarks/WS_400_24_90_10.apx_1_DS-ST.cnf,TIMEOUT,300.0,,True,False,,,,,,,,,
minisat,CNP-5-1100.cnf,benchmarks/CNP-5-1100.cnf,SAT,60.68426036834717,10.0,False,False,594794.0,967240.0,268053913.0,1276.0,22585.0,163824.0,60.0341,44250277.0,244.39
minisat,rand_net50-60-10.shuffled.cnf,benchmarks/rand_net50-60-10.shuffled.cnf,UNSAT,39.58423662185669,20.0,False,False,562937.0,939817.0,257596024.0,1178.0,6000.0,17901.0,39.2445,25405537.0,97.61
